"age","1921","1922","1923","1924","1925","1926","1927","1928","1929","1930","1931","1932","1933","1934","1935","1936","1937","1938","1939","1940","1941","1942","1943","1944","1945","1946","1947","1948","1949","1950","1951","1952","1953","1954","1955","1956","1957","1958","1959","1960","1961","1962","1963","1964","1965","1966","1967","1968","1969","1970","1971","1972","1973","1974","1975","1976","1977","1978","1979","1980","1981","1982","1983","1984","1985","1986","1987","1988","1989","1990","1991","1992","1993","1994","1995","1996","1997","1998","1999","2000","2001","2002","2003","2004","2005","2006","2007","2008","2009","2010","2011","2012","2013","2014","2015"
15,1.74999723695453,1.5899981280006,1.58999770029065,1.70999785248538,2.09999784371127,2.39999721238885,2.29999999997098,2.39999801286604,2.49999805845346,2.29999631057074,2.09999719562535,1.99999646887076,1.99999999999539,1.99999985557417,1.79999999994934,1.6999968952971,1.5999983778252,1.49999857464488,1.8999999999981,1.29999740984679,1.59999999978714,1.59999952603106,1.29999854955561,1.4999966211792,1.6999994070193,1.3999991529797,2.09999999978481,1.79999554988007,2.09999999977701,2.09999763532819,1.99999651916055,2.29999833752629,2.29999732724659,2.49999955048483,2.49999877862278,2.59999828024866,2.29999530331498,2.99999709032022,2.9999920447421,3.39999999996565,3.39999203140372,3.49999277605177,4.29999891125116,4.19999113706682,4.29999243615366,4.09999354472074,4.29999031713371,4.39999485082538,4.19999362965895,5.09999415024405,5.89999362997817,6.39999012205459,6.5999883993629,6.1999899174736,5.59998523230263,5.29999150679442,4.39999229759475,4.29999457330493,4.09999334018296,3.89999341879912,3.59999202549265,3.69999505443849,3.79999473492966,2.99999415530795,2.89999404652582,2.89999713836804,2.79999744797368,2.49999381422049,2.89999581821943,2.7999999425928,2.79999704698129,2.49999448473733,2.69999692703007,3.19999661754176,2.7999935454254,2.99999838602497,2.69999662182586,3.1999999998824,3.29999999999941,2.89999898578461,3.20388999978871,2.91073503282805,2.83778629882555,2.68683300862828,2.87477367608468,2.63361864228152,3.34230940407412,3.40505367658481,3.66662068223543,3.11186079885182,2.8571426212845,2.93125660403391,2.70142352632173,2.38414198003493,2.14875679059359
16,6.84376774385801,6.59523575980438,6.85406812190956,7.47416101849248,8.09482199695386,8.6939133742893,8.31983980324367,8.99514626631042,9.29517426847533,8.79179757189009,8.09350753759429,7.69216037191283,6.79808804061331,6.5991506358887,6.19940852109362,6.99260987257658,6.49585487054146,6.09632617743712,6.19981799854072,5.89322227920539,5.65374156332184,5.59866790134636,5.79592965192515,6.19213939391634,5.79847378151439,5.7975168183618,7.10696144560392,8.28844055483241,7.61133731288465,8.79385380591955,9.59003330901471,9.69520316857398,9.89285725227004,9.49813765853257,10.2961229640868,10.8949123929907,11.4862072971041,11.7928079511705,14.0787885520228,12.1987147026522,15.1795787965118,14.782367285027,15.4960487950386,16.679735405376,17.4816782310502,17.3831918058234,17.9765442160663,17.3870496138251,17.08421514353,18.7863932849381,21.1854181435562,23.477880310997,22.6763470904386,20.680013708459,19.1716172636853,15.885303816974,14.2854713923102,12.8902932126954,12.787874902986,11.9883230274943,12.1846501122485,11.7985160274583,11.5904835931794,10.2883982347386,9.88835369032741,9.09884553272912,8.59505299999237,8.88758108343101,8.99232218604837,8.39896964136125,8.89413047962973,8.98864017873269,8.59399145450126,8.99426580455802,9.38772059757239,8.79660969961494,8.29376163143831,8.09932807005453,7.59955753059616,7.49802860983205,7.28006277177156,7.42060121631358,7.16211071882855,6.7189415993701,7.03508674445709,6.68499386606224,6.97222338559121,7.95315587330908,7.59378320204284,7.0288582814132,6.63537241963756,6.61494148081089,5.78392147240633,4.90351307760464,4.47686424025076
17,18.2778462722663,18.9812997933123,19.6510998207592,21.6846030992412,22.278422850211,22.4813379559752,24.4066024678785,24.5742045231769,25.071628865683,22.4828427215285,21.280350114277,19.2854931665056,19.2789385011156,18.181585224513,17.8614395342481,18.3851482189733,18.6807619462592,17.7819217023875,17.4550014753581,16.4860192231432,16.8828591825909,16.0858118725655,17.6799580886371,15.6904184205973,16.1862843753993,17.8794175656294,20.7816836590182,22.2847437585383,23.2463987398822,25.5735838164145,28.2679911026922,29.6648789623641,29.1686686438931,29.0674933798021,31.5597427198515,33.1587573097764,33.5624791073292,33.3673478756761,36.3689225733735,35.9377774776645,38.964504805796,37.7662234831443,42.8427444215739,39.9655455151774,43.651176342376,45.1401203281311,43.1562608863402,45.4417584178763,43.9475675202685,46.6444262660028,51.8380381831309,53.8334612468045,48.2483717713176,44.1555684334626,37.4756843154738,32.2778997791744,29.9754284100111,27.1778352091025,26.3785963058911,24.4824038470887,24.9817832504334,25.2939687112628,24.2798201633426,21.881093142458,20.7835375246876,20.3950273329433,19.2817310579723,18.3870803722401,18.8838136301955,20.3743381014639,19.8795709825468,19.2840027481913,19.18154768021,18.5858633807749,18.7863784704851,19.6788491845597,17.7844913598029,17.5528903222477,15.6949782272462,15.8866787519587,14.9408289736229,14.8052571338871,14.1749321370168,14.578183976282,15.027668642026,14.1282149571847,13.6856399958798,15.4319489215891,14.6262993832587,13.9055422399606,13.6420713698131,13.5223092092829,11.5717299132567,9.57276049313906,8.9034749819776
18,39.182681359929,39.4827354770309,41.0258372672732,42.7745336740404,44.5598390769692,44.2109135716103,47.2524287286535,47.5128077773843,46.5925197212468,44.684640266562,41.2646309697717,37.7117433532693,38.1699992773341,35.8976639971699,36.1154423621107,37.0167176367075,38.2630494709666,37.1021064324891,36.6664356628009,34.8501418919461,36.09933083816,34.5689372150794,37.1260128979636,32.4785539513641,34.1840511737768,37.7510856222363,45.469047608501,47.7613366195247,50.5510746827373,52.9159180998712,57.3635439449293,61.4706281079123,60.3696856858187,61.5738083230335,63.5844347497426,67.0212274997762,67.825385989755,68.3914081442959,70.8258311728752,71.617069443911,74.0300010949942,71.8154567905541,76.3305075551739,72.0321736425842,75.3824746337712,75.7282232463904,74.1494711742604,77.8786957828175,76.3055143778555,78.2295841044784,85.5723009201542,82.157640607989,72.1473072152793,67.6650140654172,59.0909683547189,52.3149423636146,47.9914925019419,43.7933044507656,41.6350271387682,39.436067704079,40.2488224574865,40.0326422357044,38.6700482053886,34.9897117727895,33.6281501928778,33.5188490674003,31.6609822947279,30.1497870178235,29.8925163212606,32.669223935576,31.6756972176203,31.4546586170471,31.1828455283532,29.8875456055066,29.5800921518612,30.9089778360755,28.6072565207919,27.9619373088635,26.1133223680888,25.5421758807579,25.0526286719501,24.6964200046405,23.0205328930311,23.866897529488,24.5122331456878,23.5457039799231,23.8031011929622,25.6592646993018,24.3905909659821,23.4040537628014,22.6504672290737,22.7160175991649,20.2330569095244,17.4160389346128,16.1424876279941
19,67.5280953450334,65.1883102539953,66.7772609046225,65.6873887634369,70.048437542817,69.859469106957,70.4736790732854,71.9637288738086,68.0112283909263,70.9504183246897,63.6415252818061,59.4615877999751,58.3676315526268,55.5699402830667,56.1312494439365,59.058399674265,60.5250221797958,59.459451017737,60.056582013162,58.0807745726338,59.8631773075556,58.7629383675497,60.9445272639352,56.1044105459218,58.4116616176747,62.8129278675928,78.1468181968601,82.6408306883009,84.8466401968406,86.1576180833953,90.6261175249207,97.9530948521337,98.4530429980637,100.843521613505,99.8625531414345,105.155397736479,107.864437936097,111.043591744017,112.437112502046,111.6607925577,115.058649524382,111.256951088053,107.085639934526,106.155473093119,103.440049412338,99.9801154219274,103.067160004289,104.273576831085,104.132737617494,104.187124714446,111.5691168585,101.695750683948,89.8894575989705,86.1883023144337,80.2055620658518,72.7794279134126,65.6774337002095,60.4547472840175,56.6117821200006,54.6850794028451,55.4859599615757,53.5975972268381,52.562011359078,47.3920456276114,46.2897894263444,45.6957812832908,43.0903446017388,42.2878967738132,40.093039332243,42.0966477743248,41.4884694812154,42.7476636948795,41.4876863081939,40.4048901644439,39.4845584619352,39.3910780142066,38.0054800148538,36.6175736723096,36.4755206574809,34.1051416918597,35.408867338561,35.0363107200954,31.9758619800306,32.2556327351837,33.125296879103,32.7181125705906,35.6002691543614,36.6379118211637,35.0399017014977,33.6525954103835,31.6720582373897,32.2197732876062,30.3425898490267,27.5255401618241,25.5237731232177
20,93.7004242388163,93.7900859730828,90.7201654056559,89.8823409561193,93.5900631474944,93.7002702312693,94.5247617122424,94.5117707309355,88.887762681207,92.4942591477897,84.1687359685697,78.1274049265316,76.2961307693983,73.8197900234835,73.4891968123988,77.2402895412807,80.1692392274156,78.5973762700852,80.2110139146109,79.5840727492104,83.430597835486,83.5901133786115,88.7763234494804,82.5594169721371,86.3775211390481,94.7745047085055,110.831691132946,116.832895370913,119.215348039497,122.043779232377,125.971721849916,136.280047864298,141.951561284868,142.658992331729,144.955023372276,149.657606409249,153.459356462153,156.15390738417,157.161110440998,157.556216777812,161.497115842704,153.570106924809,144.518599141568,138.934486608879,129.491083230953,126.42880404666,130.874895988065,129.888037126046,129.991316941266,129.47127729315,134.454394948986,124.294023220225,110.515429005634,105.594961115492,99.8876861026016,93.4548688451478,85.985720767928,80.0865010556945,74.5888376917518,71.1942582522403,71.1987893471876,69.5921658914069,68.3924972971779,61.1921152353313,59.8512968144474,58.4987234869227,55.0253041614744,54.6939058442887,51.1791673693603,52.9956214570197,51.4858253998776,52.9963405050293,50.7418517067034,49.5963979345265,48.0966892193373,47.0668233292697,45.8967085830888,44.0972256115639,44.5955223142862,41.3970321725439,43.5418639550703,43.0040514078659,39.5924049359343,39.3823347285425,40.2523727126505,40.0897365261713,44.4624476029473,45.0289760571598,43.1759691804249,41.5304732423549,38.9113319606034,39.6637612028376,38.3250688472888,35.2544255031604,33.689925669279
21,115.886757726924,120.784595803595,112.544480920133,113.090979512937,113.032498339088,113.593510472474,115.748731748035,113.871714305418,108.495692969924,108.297278590759,100.893496230135,92.2619177901778,90.7958055415786,88.9945045091116,87.8988619937318,91.0990592601934,95.7990962008955,94.2999704014248,96.02981280864,97.5962798018791,104.982614354379,106.794167031337,116.784993310992,108.3513232911,114.587402477331,129.981529972792,141.109496439116,145.005175038179,148.887031588375,155.511174058976,159.28516274591,170.580361717193,181.367247664261,179.776852816292,190.565208937289,192.970543536287,197.773971770451,197.178629309798,198.778108890445,201.521730411764,206.614984883127,194.984730321925,184.880584160912,168.323262818176,154.826006768673,152.788780945322,155.579815322048,154.665835232808,155.200000000842,153.594427826277,155.789756325502,147.48937428234,133.19447638543,126.33469614625,117.495005381627,112.71051299194,106.689694104936,100.589930404,93.8913899839926,89.0978447577084,88.1374286728313,85.9606229392568,85.4952114678549,76.7781390886966,74.8996943403664,72.4422355407725,67.6988842028645,67.1110657998686,63.2986586978626,65.2979723753423,62.1948354691681,62.7446667708504,59.4995387598706,58.0000000005215,55.9581093337035,54.4585899709451,52.8376233404805,50.9222937415448,50.9913101991064,47.90173372132,49.9220392208104,49.0743719899605,46.1097510148391,45.6601179478911,46.3730830562918,46.1132702116437,50.7108873404733,51.3181768156828,49.2447360303153,47.4573753045632,44.7942655259276,45.4695695835754,44.2552143358044,40.6129723865339,40.2350645039269
22,141.599068668924,142.995074747993,139.599691435257,134.994262999789,131.297944523276,132.605440300599,131.295910215876,133.198265859323,128.998463413384,124.6990767664,115.897926942745,105.698619735126,104.798612733501,102.998215454455,104.22710953748,106.699601057412,111.326697582445,113.099793329673,113.399249388734,116.698674079348,128.198223304516,131.597812807647,141.143768536441,132.834054322644,141.371263739618,162.319955138278,175.597987186056,169.895952256224,175.547282576887,184.294385883966,189.398329133052,197.893799527437,205.710204755567,208.099325835467,222.116087970855,224.990704092594,233.691534023786,231.79305887924,233.792898531382,233.869830439384,243.091485571423,235.094678683923,220.693571614144,196.797090575895,185.104724274444,175.916876632356,177.397023837564,180.828558813572,185.284619710789,177.898174124064,180.49983250442,166.896776429608,156.198149407169,149.78804502832,134.37926779704,129.897624769733,124.210702262754,118.273132930981,111.255719390222,109.734965250273,109.099865069366,102.371036765108,102.998446556932,95.3995534272419,93.4754757706774,88.5029462965236,82.3877346322922,80.3768417829217,77.1995405409991,78.8250996503589,75.1216244904997,74.2810039324655,69.7643338079427,67.8225806464205,65.1000000033407,63.0081836636782,60.8238440174401,58.8000000016103,58.2985138076854,55.4245433110166,57.2310913518171,55.9954431302479,53.3189311054859,52.8528725701094,53.4202281153222,53.0368211466259,57.8295665023489,58.4791681400145,56.1600152813525,54.2238637573623,51.5615999853057,52.1196391000253,50.7660387826372,46.778566265764,47.1764031163562
23,159.958507282434,158.57804102738,158.031421465709,154.487617576385,149.572794261248,145.87944150383,141.386727018707,146.474873621767,143.0859005414,138.183395736774,126.296886304843,114.985103974062,114.480046043998,112.442722622669,115.337017818261,119.533817780333,123.100538840447,126.215530576498,126.877709751785,130.963783098905,143.062150043775,145.983529116281,156.477772747697,149.872569556673,157.56380852708,182.159677288717,196.433982882261,188.177967964716,192.879729598334,199.861780045863,204.351975936315,214.2898946725,217.087397899273,222.067251156401,233.706107986445,241.670720884144,250.934360391804,250.694522897657,253.19646510129,251.672158479922,260.149711686251,256.129671707036,241.873580252688,221.677993927737,209.957198657858,197.689275040042,198.094664432266,201.770662263632,206.757353611009,198.401764738685,201.269765640174,183.057756909389,174.612676897403,168.870140663446,151.544401351138,146.338884655979,140.067421760831,133.995553000159,127.897422093126,127.877302507479,128.294291665868,121.485122641657,120.794366301813,114.285855496361,111.983337521911,105.580003301919,99.7175483794217,95.1057368661458,92.2605066227163,93.0955826297358,88.6513827763054,87.9374079004895,81.7999085326738,79.3085115692929,75.7352889085099,72.8998811455926,70.0171538189719,67.8962821484472,66.6528610250072,64.1287853762357,65.6100189736255,63.8926087935178,61.4383835046632,61.0886745155041,61.538301612928,60.9998897156528,65.9475496721651,66.4310315087949,64.046384858298,61.9551203957665,59.351315657625,59.7423024824377,58.0458463884584,53.8801799841878,54.5029906693229
24,166.589867230418,168.838917144135,163.363409517543,168.263837015797,164.966081731697,154.176775960647,150.200000001639,152.107819557158,148.587211701202,145.552624812307,132.013783256632,120.29786799472,119.294115708932,117.305960600456,119.699999997709,126.598956516464,129.667343433687,130.364134906041,133.386743026994,137.436912627069,147.596105622766,148.328791369346,163.584123636149,158.382897983112,164.096713538671,189.379424270087,198.691751521618,197.022148900727,199.375086052302,203.384880602042,205.393257128981,220.300446426253,221.87231242899,224.276303765439,233.484964799499,245.047018301469,251.052098889725,252.964145700435,256.138136392362,257.66187658974,260.87890500635,254.423949096118,246.485219296789,234.736443734412,219.861118478899,214.039651512958,213.340935906452,212.673230869938,212.982162973844,210.370388992076,211.22154333766,194.972688762038,183.567772057699,177.773836894221,165.667247156821,160.271249552459,153.769798048734,147.376035136535,143.09632670618,139.784783107581,141.122932020797,139.47606074214,137.227420739129,130.284854507443,127.087888557127,122.396851444316,117.471991839418,110.889632445537,107.726988387383,107.693683230099,102.001222903711,102.489815348166,95.7678097502885,92.5022170354201,87.9288095042916,84.1599248661061,80.6000000141629,78.230017433248,76.2044105870783,74.1999999968348,74.8501058699204,72.9035298271018,70.7940723050923,70.5413987660342,70.8900485631245,70.1585514530328,75.2051168763554,75.2306388474361,73.040211839488,70.7887021896794,68.3178697152912,68.4798046844606,66.3693988254719,62.0599139065959,62.6157918375724
25,170.191357755187,173.549574233586,168.690922072178,171.381073468328,170.640212090402,162.909764114474,159.540288059466,154.593615781162,151.194113490483,147.05049851258,135.118009015154,125.13779506284,122.395201147468,120.49499540481,124.19410893183,130.000839365943,133.050303980279,132.977914447316,135.928440991324,139.491038003447,150.978229153271,150.176586985697,165.883069523742,161.804289468956,169.787090334794,190.286131961688,198.318249410895,194.691814363237,198.179108456945,202.184385957139,204.279894466349,217.075041587767,218.091312917138,219.133178150695,228.579896710409,235.802651535292,241.839097452755,244.177105141962,247.775042651321,251.867741141591,255.036215502301,243.983511243411,240.174745672137,228.427405641544,217.830194213072,215.253800103783,213.842967929702,215.490979999361,213.676340311403,212.268634894834,211.846824225127,198.766042897518,182.674272936234,178.71790976242,170.263723448427,165.966772445841,160.072387934673,154.067182192191,151.721562006267,147.667595246428,150.350728418015,150.377254681029,148.775608365517,143.207618504767,139.977566364337,137.212540804525,131.157549240822,125.567936732726,123.282962037253,122.310934626771,116.7885347399,115.801654802355,111.775760401088,107.334947943435,101.667908454665,96.7344752968128,92.7782407473035,89.7482218541166,87.1219892665037,85.8489853988925,84.5694336095471,83.1841129521519,81.5714887225761,81.4135192080503,81.6615899437164,80.6911606603953,85.7622403328495,85.1949331032821,83.29602147603,80.881779028634,78.6390540887637,78.4951944379897,75.886516856878,71.4814411389035,71.9347732070034
26,171.516209267706,174.34095336379,171.48188851441,168.788870496614,169.24114149673,168.072306730031,164.9425175364,155.446143410937,152.301139104821,145.496190009299,135.31751347145,127.182051082607,124.267700179328,122.397087680082,127.082919599453,130.810205690112,134.185073168011,134.039411033491,136.382936785758,139.236437137563,151.338176500423,150.281365813185,163.585643851299,161.593544761377,171.882393433425,187.571726638392,194.787117257416,186.899999995301,191.488393243064,196.79549973302,199.179792874736,207.386106681814,207.94873410638,209.446764961217,218.378392316214,220.432551715658,227.86489535191,229.970115810358,233.393156405474,237.855898505542,242.407593209791,229.906407228816,227.591364002304,213.075917381425,206.848560500432,204.270341845701,203.175410020031,208.75234896507,207.891910326695,205.778376989551,204.477813813302,193.230308130579,175.063721242697,173.586330110264,165.070811553472,162.675771899441,158.977627913992,154.079925222108,153.076016321731,150.440338623636,154.254864116329,153.430899097193,153.774163108933,150.472075589696,148.678060398017,146.665442356487,140.183793502219,136.777189806795,135.672767775199,135.283867544668,129.976681170603,127.390159693352,126.373576094915,121.179231848454,115.185444632777,109.691399437707,105.404395441873,102.095565850361,98.6937554782055,98.0233313959884,94.6225783642772,94.5254734078782,93.0067375886237,92.9835699805558,93.614486531625,92.4176346301281,97.8013487955234,96.4789972505997,94.6620162541856,92.4139301363446,90.5195207720026,89.9753668692027,86.7683532193547,82.3332825595343,82.6406796756665
27,171.423952066525,173.252779166033,169.082713825505,166.211975822069,164.55469192467,165.339542556029,161.594600154987,156.28586182798,153.397697741744,143.945047120533,132.498149361362,124.096658744885,125.463027932236,123.464388550606,126.494732384174,130.332597206067,134.189741612157,133.554010390951,136.819717188001,138.965227526868,146.893302532905,147.393058655024,157.274145296304,159.51499332715,167.644164659394,184.081340973681,187.6886883363,179.396599517084,181.798851872056,187.959224975093,188.594760537746,194.317791316315,193.997379672694,197.98943112336,202.744978696684,204.904160083856,213.288686064784,215.515082476602,217.962303749006,219.57385277657,223.394851761837,216.614787571195,213.288140489453,198.7169374137,190.694688902334,185.861991401899,186.38043425424,192.28905311026,195.276541278031,193.491699229066,191.249886978224,178.491243068933,164.355284208518,164.77735709884,151.512049914442,151.113738757025,151.572782417619,148.375711441102,147.58499101502,147.478499910021,151.513708795938,149.318098760527,151.391418558981,149.834543761696,151.307480477692,147.389450094846,144.88312899393,141.964792821296,140.886615339826,144.543841756535,137.339270656313,137.024355833075,134.5010576173,130.193400944979,125.813088594417,121.584897904452,116.653053521166,114.680663647089,109.771810873091,109.01306252011,104.830360888768,106.52838368455,103.842794588366,104.05423828485,106.277204848957,104.963677887407,111.519906575566,109.250507789086,106.830011349952,105.580187351203,104.183958957032,103.126591447589,99.2041196411334,94.8261711395749,94.9335479513405
28,168.782746663692,169.809587714545,164.171543078581,163.098641846759,158.413692341932,158.244929947877,154.074787035942,154.402762467765,151.392726702867,141.999029249105,128.273754886179,118.574716404518,124.195025482853,121.694347571198,123.097480589972,127.181428330234,131.294526888988,130.351920942803,134.544369936128,136.696989584755,139.397910504306,141.235322539998,149.285289446245,154.913709362774,160.199362821632,177.894435999206,177.625165509956,171.388349141189,170.899568659902,176.863550265332,175.535482817721,180.304623814325,179.006985125104,183.994986043557,184.898493952977,188.616940098047,196.594362046717,199.194640241883,200.093919007847,199.197174346139,202.499539092778,201.293433398404,196.395283304823,183.77242945627,172.799034649642,165.573189409193,167.097907753087,171.592552243966,177.59385879472,175.904982332189,173.611798976649,159.998372579826,149.191748878098,150.189656553666,135.287363583706,135.697802439215,138.192089816002,137.192979594027,136.569255798516,137.590182182186,142.106105190006,141.894518232312,143.395198060287,142.618602543548,146.891094353493,143.581525186068,143.791950216413,141.342197876366,140.024771723093,146.88863443004,138.650974673123,141.958481045348,137.546546726999,134.094530895536,132.213582928072,129.653875279571,125.194806712124,124.59204435434,119.195831282899,117.996149294898,113.801729007956,116.750902293683,113.083082552847,113.534509258343,117.83169265685,116.797716464097,124.213289425949,121.731008394506,118.345336563542,117.785366675536,116.851101330333,115.963335731065,111.602097402699,107.403098847792,107.256862829435
29,162.593636919668,163.640836455511,159.399951334291,158.912577030208,152.499986072287,150.399168037835,146.900000000964,147.26120618799,143.424629009157,139.26598792556,124.182201896121,113.204570261166,118.816831865292,115.297419971413,117.719607908041,120.197077902434,123.980986092967,123.48240432946,127.096091520137,130.596966426659,130.604539156356,131.797348808701,141.699947107429,147.297634464239,152.563934252547,167.396557591692,165.297889348619,162.19866369628,160.306906114921,164.624874442876,162.599307265158,167.299884021208,165.172577569817,167.066335376837,167.454352870576,171.198169937905,176.834290619494,179.938884337006,178.996470006008,178.539134030843,183.199678541345,181.930861995995,176.496733526921,167.097791832875,155.836842469417,147.495284497196,148.218207562487,151.170930368452,156.822179357487,154.095660675652,153.196626739002,142.179852313238,129.195376939652,129.094242689064,120.795727323227,120.181337475938,119.995543995434,121.44102873396,121.823240588517,120.794389069388,126.9254488124,131.175739969877,131.998515489608,130.89615072779,135.424371839995,135.417203012808,136.062183418038,135.896039457944,135.132277950137,139.750158929769,134.595761132665,139.49414545544,137.997588482145,133.393764073479,133.395663983519,130.875537103576,129.696163950056,128.195204837798,125.62926713431,124.216691285785,119.772304424918,121.973327474666,119.625851952111,120.184358735833,125.795068276673,125.779839128244,131.969798519568,131.300531053281,127.186689701604,125.256767848771,124.415213208748,125.479926152687,121.528115883353,117.621623846427,117.192650811678
30,154.891773097341,156.195212931554,154.239741654522,152.893411823049,146.665258746762,142.084330620539,140.059320630096,137.999999995528,133.099867556061,134.136143214882,119.110045842377,108.034245960441,111.751500252583,107.099999996293,110.695717003632,111.795140654412,115.017468752308,114.859547832544,117.398689839272,121.608602566706,121.588236112525,121.374549437235,133.941663236908,138.585287663841,144.296444440681,154.899956817581,152.540425388884,151.067914483276,148.793304261041,151.495508494725,149.25578745822,154.088576244811,151.371291478495,149.947233940392,150.914154961227,154.299999999215,157.132043593624,160.224629585689,157.972092571881,158.974460309538,165.085097698265,161.798259093734,156.635784922765,150.097348320258,140.206176147488,131.391193355911,130.773368217561,132.330816518586,136.098292371427,132.514661716045,132.576784869874,124.192410547282,109.27796433625,107.717020578015,105.287944392276,103.383925307846,101.583997648672,103.492029949212,104.690553994432,102.573934210416,109.428778367987,114.784436592932,116.499970957743,115.789718741114,120.01508342198,119.742661479095,122.987165406212,124.851892210983,125.385335656214,128.654418045533,125.788986447072,130.98817840379,132.880091981682,128.390458628309,129.68967971462,126.74071807953,128.241842542765,126.330023051356,126.649220059484,125.986022959271,121.635082599834,123.119618147342,122.002452585683,123.677303249789,129.664019839703,131.001435953605,136.006999448585,137.512605481826,132.791346369238,130.05380973593,128.639222434216,131.199997268239,128.364979395142,124.570957663912,124.278079512166
31,147.47332865049,148.755519719142,148.233191770455,144.475590535282,140.781019278556,133.552417840145,133.533109927161,129.317765743454,123.463151112887,125.356309465271,112.156255749672,103.0957866505,105.103578037521,99.4824106784607,102.419598990609,103.977981824122,106.697376882225,106.129890383393,107.933202763996,110.77267535478,113.188821530366,111.773757597698,125.564984530898,130.386163946629,135.078119614486,142.352205691288,140.765767394924,137.587127486445,135.532858084597,137.764482827102,135.198519664417,139.849701199512,136.856825299436,134.579934774472,135.618877670328,139.064268784937,139.622359955148,141.83975851909,139.24809271392,141.399669870222,147.877599997941,143.244778369737,138.893291700905,133.833069656801,126.137316170526,117.04403168747,115.380799463513,115.837579373054,117.492557191191,113.952858990409,113.525045055062,105.743926827732,92.4271617028717,89.8064005426233,87.4823000276607,85.0918750277075,85.8127356226027,85.3991927976173,86.6349956386143,86.5823275979399,92.3077193023406,96.4016338291806,97.2883676410978,98.6886384742505,103.488188843381,102.320482067545,106.419748271684,108.486930242872,110.786489748534,118.419494814722,113.330438581692,118.442578852395,120.183229466343,119.78383177499,121.949100819227,119.340139887601,119.713468146509,120.584093647693,120.383111158882,121.981577182338,118.654939206258,121.69765683468,119.081590964193,123.977577236388,129.402608283821,131.883771779393,138.254877062714,140.271220962807,134.887664099227,135.013044908328,132.103533418837,133.120684518772,131.798554842227,127.62370433363,128.373546002237
32,140.22749358698,140.62278382607,139.825593769002,135.298818503889,134.043717089987,125.216712365395,125.66927242957,121.180377130166,114.500367432397,115.39999999364,103.997658907131,96.6907879200117,98.8473448419441,92.4052011966322,93.9999999979546,96.7074296574089,98.2975187348257,97.1522427541357,98.9980744583033,99.7999999998851,103.62331551669,102.930445427954,116.592039217224,122.668153592056,125.798319971049,130.372948949647,129.897050585326,123.917175123702,122.298693021238,124.342073364803,121.654141393156,125.810921439291,122.900001869766,120.787096288883,121.700000032001,123.806021811836,124.062437230385,125.200000011546,122.670245349082,125.69793237594,130.493086806604,126.533196478198,123.107979347394,118.889909204329,111.392444297675,103.744418230704,101.798477456682,101.400000000042,101.165075255843,97.9910743738871,96.6999999844813,88.894587994193,78.1154856817781,74.8442449059124,70.9712388491541,68.5089582682722,70.593427664017,69.3453641841601,70.3558297737966,71.6072703209815,76.2065529452586,78.803122141169,79.0304156291677,81.354131232718,85.9917289508757,87.0930674347099,90.0941857396629,91.6773927850223,94.8673465576813,103.578882295978,100.247620899285,105.092642394879,105.163410060138,106.907864287857,109.383692662095,108.086030841087,108.111869087854,110.285873072008,110.491100219196,112.937216751745,111.68040453735,114.853384375307,113.694031208742,118.920006420783,123.658358774667,127.882064795887,134.119390647309,135.966550241767,131.709797610757,133.026505188518,129.133547158649,130.752569310775,128.86595091883,125.258949317377,126.503639358686
33,133.20000000625,132.100000241182,129.899999998658,126.699999993854,126.565021568977,117.400000050252,116.598994207513,113.197619666853,106.188139784843,106.227533067447,95.8385689839266,89.1298803972253,91.9935634820192,85.4688449856036,86.2695330864482,89.9452632769256,89.9377301469698,88.400000012755,90.3192984261996,89.9099549551668,93.3000000325131,94.2967394005746,106.255264117571,114.38820354586,116.725732696327,119.400000017966,119.124424563744,111.600000064477,110.029776947144,111.807003319802,109.15750325974,112.530576226326,110.36327947265,108.296775188153,109.20897399776,108.799431840326,109.897743352403,110.510923492922,108.06575479531,111.237269685522,113.498118386576,111.498187862376,108.59653987103,105.096565842558,96.5683871535414,91.5000000044856,89.4478772544024,88.7618686064048,87.1055718359763,84.265114029685,82.3666401932272,74.6898023331782,65.8172271842224,62.1988281265196,57.5704512373533,55.1524954150394,56.6173109558543,56.2310369808877,57.1309443224877,58.2000000004868,61.7181958867117,63.3136493716631,63.7429252894528,65.7747690993308,69.5986474642459,72.3891820938021,74.9297723202599,76.6949010690153,79.894845000372,85.6972413419249,86.4856211954316,91.4690552654545,90.5532487074808,91.8945691725274,94.1935522345757,94.4933809310907,95.9118622137652,97.3946387241838,99.1890998569042,101.325931631144,101.458980324641,103.986073478437,106.266358805622,109.69849201472,113.891467315011,119.425478576129,124.541509703435,126.787945004424,124.042023153132,123.752222160017,120.288012334185,124.182392176451,120.889361753994,117.9081789604,119.202252456175
34,126.519869635905,124.090895761468,120.672242058761,118.645651982525,119.195720598253,110.071249679469,107.899862830989,105.077227442949,98.4793436346201,97.7841315582854,88.3176086932166,82.1550044511776,83.8443177203672,78.3878680364696,79.1711701376806,83.6543499400651,82.2868278926537,80.4344562475531,81.5304748466653,80.9971687973758,83.9968948954356,85.4975784717775,94.2987663414426,104.794264330527,107.516549895346,109.349442142636,107.898528350789,100.505816140944,98.4146189995152,100.097562842825,97.3968121858036,99.7977310682776,99.101170190441,96.8968659694907,97.9941266686749,95.4585402266544,96.754720304717,97.5426529011886,95.1981542273033,97.5575374026548,98.2245264496657,97.7700469003477,94.8853838298822,91.9977801584763,83.7114308102292,80.695044318381,77.9537315287654,77.6942329371283,74.997261364658,72.4613048291478,70.1578429960562,62.6944420917251,55.1975187484888,51.3988933072962,46.699668749619,44.3998885531198,45.4039645838071,45.4747245535835,46.3892713390654,47.2969034325218,49.1364235944754,50.4844340960137,50.6971171474932,52.6882264280078,55.9953739577669,57.5951182175498,60.1586044308571,62.8943719626969,65.9944732459196,70.2053200354368,70.9981834181757,76.6206974625517,75.7928161305127,77.594072451465,79.4580473165076,80.8858341387972,82.8492449168248,84.5909860897111,86.160205056972,89.1189392902498,88.6064238225841,93.0455584512748,95.2277340470773,99.5420917783034,102.881151457511,107.781851930842,114.721154250056,117.98409872957,114.406417410918,113.856797732777,111.482001590765,114.19082634862,111.879522929185,107.601221185064,109.893669207978
35,119.098258361778,116.567375737431,112.100000000213,110.607996105783,111.098358872016,103.199999973536,99.720024743023,96.8994626117653,91.3301724848015,90.0118463412879,81.3868579808601,75.7259487406569,75.6154336430291,71.299531905579,71.7854989010039,77.4178870229676,75.2867787652298,73.1866713744075,72.9996687868005,72.3019921651528,74.8917432597268,76.6481955749765,82.5753612382723,94.011447106711,97.5982672548798,99.8674950297097,96.7994777083246,90.2039583607845,87.4378507901786,88.8991585883524,85.9802755464279,87.6993069756082,87.9984004241271,85.8988529802129,86.5594801200599,83.6876249897822,84.8540178115901,85.4990330384757,83.437327487634,84.4989082307341,84.7941796630986,84.6519204687994,81.8560759343057,79.7305472378661,72.5662284791668,70.1984384912249,66.9597723809042,66.9416327800391,63.9565896169571,62.1998195410768,59.7586950484703,52.6000000014851,46.0308837240884,42.1459450734564,37.8111538879991,35.7201003545163,36.4114784844398,36.2993089918361,37.0990837936311,37.7819869109602,38.3305597225409,39.8026850413511,39.5168260233496,41.3100622215171,43.9893289712886,44.8302899544324,46.8904696606069,50.0067843049707,52.9440594419371,56.0165634604265,56.8258183281173,61.5416379578043,61.5145381286852,63.7952953846968,65.3984812676834,67.0977277242679,69.2666787049753,71.0062636274304,72.2978815104334,75.7121587416431,74.6168749341533,80.0462008528797,81.7059853776904,86.7542197502606,90.0821390940036,93.6390121515437,101.751232950034,105.436927260332,101.792497062796,102.008719785996,100.35659651527,101.278728678284,100.250425258448,95.2016458716796,98.0252233402447
36,110.09782960562,109.49983710911,104.136519725182,102.190655667536,101.671646445979,96.7574150702256,92.1601781932494,88.7455764845206,84.6999999992614,82.8571461137657,74.9998880085967,69.799830675518,68.1934686686625,64.3261424155697,63.5256834179272,70.932437490699,68.8818666453252,66.5916487049027,64.9944643125984,63.3590737554816,65.4818465406441,67.8760289306543,72.3084821824637,82.311373691683,86.6655812161134,90.6989182798427,86.2622929477371,80.3992487178657,77.0993758009677,78.0322220129252,74.7087599420994,76.3157551546699,76.398027435485,74.8985822045553,74.0754835427798,73.3678958169414,74.2996962928977,73.8987239528264,72.3838849302309,72.0248056293781,73.19986150494,71.7983738058771,69.4955826173042,68.3973305748144,62.9046312895717,59.4059592276204,56.3274619117039,55.8718781160831,53.4988957381155,53.1996855610427,50.9007504673837,44.1307638789028,38.1320793579336,34.2178252269634,30.4998664478974,28.6989405254618,29.1999094847719,28.2992855425763,28.7746891739149,29.1548879254246,29.1992358729216,30.7308640125491,29.9991038785554,31.3093953800079,33.1313521553622,34.3789879252523,35.6868841743738,38.120114978875,40.8399324256023,42.798014382532,45.4549626167015,47.215379332876,48.2906603451172,50.6068555035642,52.2981784418019,53.3706715268748,55.7080262762579,56.5812587227545,58.5001661634718,61.1965674084982,60.7756473147504,64.3668654587895,67.0280690459008,70.8632838520467,75.5325973313707,77.9931232269437,84.2858403457495,87.0037374858434,86.0294765883907,87.5900475921641,85.6119710404342,86.2992357366487,85.3184948955021,81.6561646264915,83.6369429017092
37,100.705552823442,102.122297441777,95.8965300789132,93.5269018711216,92.2000000005465,89.4714147338199,85.1689932418393,81.0000000548959,78.5511491367455,75.4364416420222,68.616166192212,63.585889323553,61.5000000000212,57.8000000001714,55.5398420879766,62.8403934960251,61.4920998169578,59.1927750010213,57.7052290393346,55.0139137752055,56.7000000027897,59.1971670052852,63.2999048101523,71.2000001428089,75.4967626088852,79.8097145617273,75.3854079669555,70.7463416755171,67.7275299758003,67.7984554279572,64.135543837973,65.6979743458943,65.0447254805281,64.3891053817236,62.3999999958478,63.3951961552903,64.2543389544757,62.7346164414645,61.9975122803469,60.9043598604313,62.6143537619301,60.0990836897589,58.5336724821957,57.9836353733862,53.4946416587605,49.4995434240693,46.801192391932,45.9000000000775,44.3231862488318,44.9687121653807,42.4955472325132,36.6982985961763,31.4107526916869,27.6442964762907,24.5125590196612,22.6492298809076,23.0676801447437,21.8045866742775,21.9804055591979,21.9994055453254,21.8995710118021,23.0987354724771,22.2990775845553,23.2692339449348,24.4352428397757,25.597458587931,26.7374416002841,28.3063717557123,30.4979446805303,32.0000000087393,35.2418136193662,35.3226998106512,36.8593107008348,38.9639992545518,40.4292918980195,41.2528995541499,43.0802364702955,43.4977320337896,45.4948687957263,47.5965955612788,47.9311674872149,50.0322314066669,52.9984017269199,55.5967141543693,60.4164624998023,62.5286053286996,67.0015324840632,68.9986698365053,69.5076278176413,71.8410229923011,70.1724977393063,71.1853047565825,69.9493926943788,67.3725787950931,68.6963283454163
38,91.8205016262673,93.8817542272161,86.7826777911199,84.752634918716,83.6026950292282,80.4892429718848,78.6920107383335,73.9236691920282,72.8387955153988,67.1953417028343,61.8761870767901,56.5862082490718,55.4586107429383,51.9323447577918,48.5555775137444,52.5936136593279,52.2807318417288,50.2325831546563,51.2268732765512,47.7641242155936,49.0909116606277,50.695036730069,55.3763797768068,61.5808467918,64.6986579160809,66.3220755572045,63.7910412811284,61.097093296117,59.4865167179332,58.3931532589077,54.5988658295689,55.8938119777632,54.470335487092,54.7037868952973,52.5607108470971,53.2221800829504,54.2932993754533,52.1052071860942,52.2946488856268,51.4966931861437,52.5908415941817,50.0121863038419,49.2977171088709,48.494276213344,43.7937497952758,41.0963614532595,38.7316187373892,37.7034141956069,36.7176101849795,37.2614439450983,34.09503490469,29.9836454777304,25.7526092305573,22.3322312218934,19.6294034185942,17.2742655701071,17.6881080826505,16.798359733424,16.7885257050032,16.4289949846215,16.3023792363186,17.1307489791386,16.3167853846239,17.1989798233797,18.0194054576205,18.4226985868506,19.8788361795274,20.7976204386852,22.1974775310326,23.9226190104403,25.6948540707221,26.2974418411604,27.4953362696515,29.2878187728178,30.0632254681365,31.3958425224216,32.0207796012158,32.7802998570623,33.8957337417364,36.0227326673053,36.6410700847489,38.8596664872884,40.7120440014415,42.9232859961893,45.928366723855,48.4443829152126,52.502961971887,54.7109302872978,54.0322627092357,56.1042052224592,56.0228012418635,57.2662919745953,56.0278088794526,53.0669246123,54.6632327363224
39,81.082072669107,82.9806371196505,75.5837442872031,74.2177637433035,73.6363333385911,69.4861366268522,69.9580527186955,65.3381527870044,64.1476640976914,58.6963256915499,53.6406162790793,48.4908103327113,48.3553826578864,45.5925126164597,42.0974547094327,42.784109265058,42.7957964488935,41.1802084555404,43.3955523559361,40.5416073326749,41.2198907826707,42.065869603325,46.5868727543368,51.2859306018322,53.2877971860225,52.9461069653152,51.6897629953355,50.3757688575889,49.6818348831961,48.2306426942617,45.2922784497207,45.6886780211402,44.3939081147972,44.8906056418302,43.5527881652667,43.1522353567982,44.0909933546538,42.0948700984723,42.6298009889321,42.4924731316884,42.6922590378914,40.6942224878171,40.7947888300562,38.9417003215887,34.7138689968456,33.0268399764083,31.2929964010838,29.9930176239494,29.5317109872989,29.5930189797433,26.8166905203273,23.7826546131993,20.5746568041151,17.6975314112088,15.2910474743233,12.9483356146029,13.2995434846724,12.4701110232157,12.4473359975884,11.897789095355,11.9993392437974,12.7033511259319,11.8460566804578,12.3624727069908,12.8972044569091,12.7607395078084,14.1849174654232,14.6782732666301,15.5970886366098,17.1565168600191,17.6966229930912,18.8954553166447,19.7240691127737,21.0969484605079,21.4454194271943,22.8304244669051,22.8316519764577,23.8488063579104,24.3976815466283,26.0942698342997,26.8104159663714,29.0326497034647,30.0509712734698,31.7792479578946,33.3194821829153,35.9367654135626,39.5148221836829,42.1693110607271,40.5628820943531,41.8152450508351,42.4939008710172,43.508735012193,43.2467858940029,40.2407296050883,41.6127323715348
40,67.3957669962658,68.806594995775,62.0654365957552,61.3131152679495,61.2162277744481,56.7967810100292,57.6151366293344,54.1891187603664,50.9945783737113,50.3931037575703,43.609416516155,39.4516846016669,39.434248748011,38.2256262482834,35.8876474395465,34.8000000983385,34.0954599471022,32.9992234121572,33.4967658368294,32.896414663405,32.5616677671963,33.3809539854951,36.2842189880626,39.623368059411,41.2211644681269,41.3041552569365,39.6720261075603,38.5874792273369,37.5431271977388,36.9737743464234,35.9815864197252,34.8975434339744,34.8468682135075,34.7867365493153,34.932145498696,33.5927988019163,33.8576646506369,32.8908037440389,32.9665285186492,33.3973938876607,32.9766042626225,31.8502035114062,32.5945099030367,29.2311293961469,26.7992674086615,24.9663918719597,24.1988992273957,22.3864650061099,22.3983478417901,22.0326846698189,21.0835147496563,18.0992229509242,15.6849313564089,13.4986366484405,11.3153805632792,9.69999478116243,9.90569648414293,8.59925204951281,8.69881278831736,8.1883591278639,8.6964157465462,9.09840558739844,8.59789745677957,8.45139968036713,8.69843516434995,8.59963948018875,9.3992773804003,9.66362795127693,10.480024223789,11.3292638998144,11.5664579159118,12.7101963039061,13.3896972077163,14.2990968782195,14.6373714934552,15.3987979646748,15.5862713978134,16.4991385946829,17.1060767528564,17.7977846287481,18.5454519380096,20.0903892812136,21.081032054833,21.99430037495,23.1613439635139,25.2852548254779,27.8331329656934,30.7145793705071,29.5110372755832,29.8126269686639,29.8799195637464,30.2439752254178,31.7261256316501,29.6176055803002,29.9271895181057
41,54.3297070276496,55.2380235320509,49.4729706241415,48.6178415960606,48.4750506919526,45.1593983508417,45.6497174206016,43.517155533207,38.4976984371979,41.7276237146696,33.5994572651437,31.2673425119617,30.8791046369057,30.9094681906989,28.1458786491587,28.3013216726282,26.1572795980918,26.1394475554224,24.670579286389,25.7198710721204,24.0993736714892,25.89445499765,27.1816005080159,29.473786591544,30.6973884804155,31.6937234877633,29.6239940161012,27.9105173953141,26.9733690812206,27.2960564844056,27.555934169533,25.7565666560383,26.8336680640034,26.1866852271513,27.5540341320561,25.6171268429307,25.2729904354165,25.2670644936522,24.8223017534146,24.5278791947236,24.6077609355375,24.4390996447567,24.8197298174037,21.2068076750435,20.4118655521569,18.2980477003045,18.3009302318452,16.0999390177057,16.442293807634,15.8760246978176,15.3973620738557,13.4866185975583,11.3744375547946,9.95609424717455,8.09867284392644,7.26351664741869,7.34088129597447,5.6997906736042,5.79992456308455,5.3999305629342,5.71086952762646,6.0804398937733,5.89885550104651,5.54055935494572,5.54102558874548,5.69943751947712,5.99944785261532,6.14223696243806,6.69948632681637,7.09936641124817,7.36237509983963,7.99940572791653,8.46497974240351,9.39619852562755,9.69786501187252,9.99812082351174,10.098369805225,11.1254954316338,11.4137240796504,11.608815213004,12.4674314401056,12.9837964854714,13.8715660278006,14.7107160174383,15.2552582545426,15.9196248716753,18.2267143824395,20.3797817807361,19.9755761455389,20.3592743210281,20.1721294762748,20.0990205114165,21.0179640752494,20.1191216904905,19.96365999962
42,42.1238989910772,42.3984125147515,38.8995574803301,36.7397995251995,36.5920821954402,34.7373808603831,34.798879641335,33.4695495438762,28.7802090328822,31.6984491504756,25.3307413733849,24.3145569342687,23.5490061054766,23.7829129205396,20.4610279854566,21.9948019190485,19.2898302912111,19.9047375805533,17.8997773943192,18.8842195836786,17.2243314531647,18.8987521693759,20.1061522011443,21.3995686088167,22.1995764574902,22.8989418597474,21.2993276729972,19.4109398395955,19.0133196413536,19.599546665018,19.7637625058798,18.3960311935738,19.2988995854198,18.9994159840843,20.09868714139,18.69931774376,17.9992946465344,18.599337414045,17.9994198748201,16.7996355639251,17.5995162460222,17.538528156582,17.5994035428947,14.9691925297188,14.5992334340803,13.0089120808329,13.1407027322669,11.5193602666468,11.5996443286158,10.8995602395529,10.0997220291539,9.38886870077982,7.71732789383775,6.76063214444363,5.49979302963746,5.19980463425824,4.99964740638841,3.73125347448125,3.80000000002236,3.5000000000049,3.42064433775684,3.69926630494173,3.66231791141083,3.4907375811374,3.3938190184678,3.49140462347714,3.73010714355313,3.74491047026706,4.09994535177815,4.29991705947044,4.49984761609334,4.79994387647899,4.93890786491906,5.67872590031051,5.99969396849559,6.15304327236755,6.09979907524322,6.89951782459101,6.9997215749586,7.19978390382449,7.80213465271515,7.88673324320063,8.35697111215046,9.27723780657048,9.40969643615892,9.06478166812191,11.0067828464329,12.1859879958177,12.2266345165034,12.7322778306168,12.777189037562,12.7226749588742,12.5550157218707,12.3692180912723,12.3808581494905
43,30.196118295794,29.7292255418274,29.75609460101,25.7970022991638,26.0973301904638,24.9972269397669,24.5426400767094,23.5967784621077,21.0989211788672,21.396298920412,19.0958718628216,18.1985681429996,17.2673989165207,16.9978340691467,14.8732181605455,15.5977507998315,13.7990589453688,13.9982627758597,12.6027380576203,12.577209894103,12.3098553953785,12.1978700055169,14.4989289989147,14.7985037557584,15.330849681573,14.7976470884515,14.1899273402414,12.9990393967305,12.8990134340204,13.3084342801048,12.7980904098515,12.2986422529378,12.0944377160181,12.798445753134,12.5212452164129,12.4983361707208,11.6614242217926,12.5623224626916,12.0985077094151,10.9186086935233,11.7785215610079,10.9978641330484,11.4984177279043,9.99903746997739,9.19831669323913,8.69905870135199,8.49868388339016,8.24165225080698,7.5990905818174,6.78828562392226,6.19843658060357,5.69895712840652,4.83031405773647,3.99925764914845,3.41037299394813,3.39949725746848,2.871934367148,2.39405576758663,2.48961697643439,2.26847823563781,2.04872567901479,2.12161360107201,2.08406072388315,2.09987036961414,2.02994012372032,1.99427554437757,2.19984488237921,2.09975717250746,2.42948481105581,2.48575253825699,2.53421303688748,2.7998578091381,2.67784159431913,2.89934712887968,3.28155747359227,3.39943658758329,3.40263591131906,3.61435804452028,3.89944901961958,4.15300925459725,4.22637829334735,4.49195081654081,4.55664913938163,5.1969854866091,5.43174724272007,5.00870039722894,6.11793334280112,6.74072408663261,6.85293442291402,6.95349451642788,7.1516682726443,7.30197273771753,7.11371594005687,7.10304533184531,7.28949323913521
44,19.4677448261223,18.3916401577574,20.3254461820908,16.5952063883594,16.7929041109757,16.3599867319038,15.7952719350696,15.0444701898559,14.2757255058563,13.0462920000039,12.891953822585,12.3639066987429,11.4203090920012,10.7950234833784,10.0960906137233,9.93606838095191,8.99604345008639,8.99743100560825,8.24329101955006,7.7476259046833,7.99567689165042,7.19010113544557,9.22657177229956,9.02403009228239,9.5959047263002,8.79502582957505,8.79830920968825,7.99701009990178,7.9937814073436,8.29729558913704,7.59845015669391,7.47521878381582,6.89899755029886,7.80285215768124,7.09936304781113,7.65477902855058,6.89828422316812,7.54085429550284,7.35936547365513,6.53593242071508,7.14104804290401,6.19860870658027,6.66003571861395,6.09780408238534,5.23556807036373,5.23805183027167,4.99878445321668,5.29678556624939,4.52545182550231,3.89928326119057,3.59954654250542,3.23157842845754,2.79569217125435,2.19994811681972,1.8993306439729,1.97048085304637,1.51593860179035,1.39934076163749,1.56220066347403,1.39863793522433,1.22704277127678,1.21655250609205,1.09979985369205,1.23450887461447,1.15053805737253,1.13882086199577,1.26377777819692,1.11734584885332,1.29936400324942,1.30904714559864,1.29961014603028,1.55220950459625,1.40000000162016,1.36135821655099,1.59951087537171,1.67459127497505,1.70088386220694,1.74119678399066,1.99637726218635,2.19938488524628,2.13105377172909,2.38109532543853,2.32294355758283,2.68143599557358,2.85858505861773,2.72660515312863,3.2333272987392,3.5873146978078,3.60093644681658,3.55041388290803,3.76448503208808,3.99185632840608,3.92637788888718,3.94314042981299,4.17525279107418
45,10.9858480352896,9.70048110751963,11.3942104764367,9.64464824217263,9.31711758836638,9.47022946754208,9.15053874252033,8.55917448175048,8.39797282598341,7.30341543259352,6.99316492251995,7.19725166790744,6.3977842799112,5.83135851588429,5.98211025079424,5.59768178278167,5.02652452576637,5.23113684634309,4.79809608919387,4.49816126431344,4.29669380613233,3.99521840258631,4.69755957336593,4.4979968650482,5.1701254683076,4.94182768983746,5.0976853379031,4.31480116309789,4.29872795573875,4.61274286710656,4.19866875763871,4.01380299018723,3.73847331925082,4.19799271718898,3.89871464818488,4.29801800425281,3.73856221023728,3.89834841853872,3.95674132126106,3.49876458083742,3.79840631694223,3.22831370652866,3.29261896227173,3.27691849145615,2.75975914250918,2.72093432414862,2.69925919021394,2.75177671525105,2.3991045303622,2.09967138940795,1.9995458286635,1.8319199830612,1.49976268849024,1.19969968564545,0.934723346465361,0.983568607081123,0.79990522323294,0.693375722715492,0.899727497888686,0.780908396810738,0.734707647535486,0.697582254964707,0.544443529409475,0.725583880571205,0.5998955784187,0.599889941975437,0.72585993571877,0.582044958203899,0.585330703326994,0.599825921418472,0.599868343105203,0.799861069725513,0.731861142532821,0.63906765291239,0.700256962288834,0.73061744552108,0.739648745655668,0.83859911391244,0.950075662551493,1.05586682554679,1.07432769960558,1.16608810412524,1.14317798944147,1.3205395161275,1.33668608692296,1.48423290279798,1.6775093301459,1.90891807441376,1.81531065022533,1.81249284642848,1.9812171901267,2.18199025455131,2.16699082097728,2.1887712491146,2.38300297151051
46,5.79999999953737,4.7242487548509,5.598672452213,4.99769967703616,4.80000000005355,4.89819416702572,4.79837495221051,4.60000000059828,4.4992385106199,3.91768637853999,3.40000000054397,3.79944030793089,3.29848450049818,2.79925187914821,3.09526467274368,2.80884957899228,2.60000000016902,2.79933932126415,2.49905076010259,2.29837539927477,2.10000000026941,2.15550370095584,2.09971898569802,2.009761065181,2.3987128170603,2.70000000003346,2.56399014451801,2.12806800636165,2.15332817876596,2.19847063624933,2.11302054306949,1.99981511044498,1.84765055426161,1.96881878616091,1.9247388802532,2.09854504216411,1.79902696203851,1.79950065970151,2.00000000015882,1.69949492270642,1.79934666959311,1.55867999468173,1.50388979864034,1.58219842069421,1.40000000026707,1.31275584486904,1.35109299389341,1.28522335981071,1.19999999990757,1.08648505157279,1.03721171290256,0.999726724354799,0.774596669339813,0.601370479313192,0.432426723652106,0.450937323028593,0.40523442076211,0.316314452363641,0.475702006408087,0.399893990493778,0.399724691279351,0.39998864317333,0.261050297239307,0.399814564135248,0.299999999977559,0.269017131308742,0.39570533926804,0.30000000001384,0.241979402746802,0.256372203713661,0.26268833472351,0.394483284104402,0.3825862366518,0.299999999967362,0.290553689952399,0.29999999996654,0.300000000024288,0.399971993858346,0.435940412559181,0.482620671363504,0.541600601976898,0.548905193084755,0.552780809594028,0.635397806256278,0.589169045556019,0.807945113438972,0.86235531594306,1.01579273681772,0.896402658398287,0.92528094538296,1.0426981434032,1.19269860377261,1.19597485287366,1.21495028295864,1.35771628491298
47,3.05796013147562,2.2995282538452,2.5753062255672,2.2793991585942,2.47020768661357,2.28731255874556,2.29012212550316,2.46973212532071,2.29822784976992,2.10016104743306,1.65176385129216,1.92326424020719,1.69942994414985,1.24758595960383,1.39983173123418,1.26422383141838,1.3433567982728,1.40306917775194,1.17153898941066,0.965785713671748,1.02584715462247,1.16214262557354,0.903203417837574,0.882511398099222,0.958952488095192,1.47339486063185,1.04013858684683,0.99926410262436,1.07833075473768,0.864270827933481,0.948067166948666,0.97023868892177,0.799754672115759,0.795378785292773,0.793232437130651,0.845636161884748,0.745320199165737,0.769063806833282,1.00926351576613,0.760207209735125,0.770238785731016,0.699822693330334,0.686539002233127,0.699775740816969,0.709556012350443,0.632830366568962,0.63300635127006,0.599684792492173,0.59923058793468,0.552820048753554,0.490590203495346,0.505856460761669,0.399927331354589,0.257069145739839,0.200000000058441,0.202496297273432,0.18928003684251,0.144251313078554,0.231002756043144,0.190266525165452,0.179765941134531,0.17028924701297,0.125151978950874,0.193790673202554,0.149964210075837,0.0999912929918816,0.194455636838157,0.154386971533649,0.100000000000751,0.109544511355184,0.115008601963633,0.191696643111977,0.199637066780271,0.140830160242798,0.120530844611455,0.12314745333744,0.121644039922557,0.187108973273605,0.20000000000023,0.220553440449524,0.273036999935502,0.25833999451825,0.267276159514571,0.305701768640796,0.25962313661262,0.439806518976412,0.443293019425179,0.540533875172004,0.442606573640361,0.472357631402732,0.548763368078074,0.651941481591357,0.660065485671896,0.674398565248859,0.773553423356479
48,1.25343495623784,1.06713746763849,1.14607296315375,0.939873280249331,1.06344563076694,1.01458589811285,0.97977618773888,1.1106598057768,0.999495566351877,1.00959550901388,0.74533141132883,0.769392279991653,0.809856113297152,0.535689972185249,0.591607978126269,0.499862137973209,0.576105636105825,0.680470328369431,0.519996763267556,0.367741273821365,0.487942894737498,0.549735585216915,0.30976323613458,0.379984479088392,0.339943269981542,0.6250757741702,0.319801014086704,0.38976893432541,0.540000000010301,0.308360426961963,0.40148219439581,0.38974795295695,0.309950083332767,0.28997055497384,0.28996913988951,0.299965984551772,0.286349773950377,0.316204300366209,0.368132825425516,0.326246587369296,0.269851452772031,0.28995322492306,0.299951600768198,0.279941973004465,0.301550327489716,0.269878404779882,0.286872238913397,0.247615091698829,0.21535717010132,0.189730495988168,0.221501846377164,0.246387663924566,0.197938526145529,0.101411197401483,0.0925012212059685,0.090000000034473,0.0799825472869529,0.065784036004636,0.107475648657126,0.087241963673834,0.073443156333559,0.039999935112563,0.0600000000019072,0.0880483760574777,0.0709161488821195,0.0299999824789651,0.0894371404811324,0.0559064346939651,0.0413258313970273,0.0468069462698279,0.050352363519514,0.089990997757526,0.0682728946077207,0.0661104467805591,0.0500000000155086,0.0500882024223424,0.0493242414899606,0.0866799640530746,0.0917556593692735,0.100791000008205,0.137646086538543,0.121586666709965,0.129231232700115,0.147078838506284,0.114405489509574,0.239409547649569,0.227874400995423,0.287634336813471,0.218540827786017,0.241139443165506,0.28880960037675,0.35635800532122,0.364293985212599,0.374347354940281,0.440728969216405
49,0.309999546112205,0.449999875122135,0.509999999966379,0.359999923216572,0.319999667839054,0.449999999967451,0.369999866277718,0.349999639301988,0.329999736531104,0.38999975282815,0.289999875487388,0.199999750154931,0.329999850254976,0.229999999956883,0.249999999988184,0.16999992581845,0.169999815812249,0.329999999620264,0.229999997734642,0.13999999999938,0.219999965903398,0.199999847827447,0.0699999153767553,0.159999989652617,0.109999970960186,0.159999765714906,0.0699999311059582,0.109999896844592,0.270417957303138,0.109999999996851,0.169999999751211,0.109999887487928,0.109999971972369,0.0999999839307962,0.099999983166053,0.0999999820613397,0.109999999999821,0.129999999990808,0.0699998678516602,0.139999999993442,0.0699999390433871,0.109999971926336,0.119999969371298,0.0999999672067008,0.0899999078342045,0.089999935855037,0.129999999978136,0.0799999431216874,0.0399999234812467,0.0299999326209226,0.0999999999793149,0.119999999749203,0.0899999778844852,0.0399999999957029,0.0427823796073137,0.0399999999981935,0.0299999896438001,0.0300000000000665,0.0499999999985276,0.0399999999999495,0.0299999999995265,NA,0.0287650265723537,0.0399999999964821,0.029999990316343,NA,0.0399999967650488,0.00999997955921249,0.0170782434052728,0.0199999999249765,0.0220449641887417,0.0399999936676354,0.00999997542581896,0.0310344827118551,0.0207415787180004,0.0199999989310739,0.0200000000005995,0.0401545999982394,0.042095505131393,0.0460606085369737,0.0693914932492623,0.057224269703744,0.0624848528718262,0.0707623800503543,0.0504139045543297,0.130323060329229,0.117138642730191,0.153058884018513,0.107906425812747,0.123102131062455,0.151998092640648,0.194788997986354,0.201055971777103,0.207793950598023,0.251103567547115
