Age,1933,1934,1935,1936,1937,1938,1939,1940,1941,1942,1943,1944,1945,1946,1947,1948,1949,1950,1951,1952,1953,1954,1955,1956,1957,1958,1959,1960,1961,1962,1963,1964,1965,1966,1967,1968,1969,1970,1971,1972,1973,1974,1975,1976,1977,1978,1979,1980,1981,1982,1983,1984,1985,1986,1987,1988,1989,1990,1991,1992,1993,1994,1995,1996,1997,1998,1999,2000,2001,2002,2003,2004,2005,2006,2007,2008,2009,2010,2011,2012,2013,2014,2015,2016,2017,2018,2019,2020,2021,2022,2023
13,0.000435,0.000405,0.00044,0.00036,0.00042,0.000415,0.00015,0.00015,0.000155,0.00017,0.000175,0.000175,0.000175,0.000205,0.000255,0.000285,0.00028,0.000275,0.000275,0.00027,0.000275,0.00031,0.000275,0.000275,0.00028,0.000285,0.00028,0.000265,0.000235,0.000255,0.000265,0.00027,0.00025,0.000255,0.00026,0.00088,0.00081,0.000915,0.00087,0.00092,0.001,0.00096,0.001005,0.00095,0.00093,0.00088,0.000975,0.000905,0.000885,0.000885,0.000925,0.000955,0.00098,0.00106,0.001155,0.00113,0.001235,0.001205,0.00122,0.00122,0.001235,0.001145,0.001085,0.000975,0.00088,0.00084,0.000765,0.000725,0.000645,0.000595,0.00019,0.000505,0.000515,0.00051,0.00045,0.00043,0.00038,0.000345,0.0003,0.000285,0.000225,0.000185,0.00019,0.000175,0.00015,0.00013,0.00014,0.000145,0.000155,0.00015,0.000145
14,0.001775,0.001985,0.0021,0.00197,0.002075,0.0022,0.002615,0.002565,0.002725,0.002855,0.00303,0.00294,0.003015,0.002985,0.00395,0.004455,0.004485,0.004485,0.0045,0.0043,0.004455,0.00497,0.00461,0.00465,0.004585,0.00449,0.0046,0.004505,0.00392,0.00392,0.00408,0.00418,0.00405,0.00414,0.004255,0.003855,0.00428,0.004555,0.004555,0.004715,0.004965,0.00485,0.004845,0.00462,0.00452,0.00436,0.00443,0.004455,0.004355,0.004505,0.004365,0.004345,0.004495,0.004745,0.005025,0.00537,0.00564,0.00578,0.005745,0.00577,0.00569,0.00571,0.005295,0.00474,0.00427,0.003995,0.00375,0.00347,0.00315,0.00292,0.00303,0.002595,0.00256,0.00246,0.002465,0.00231,0.00203,0.001815,0.00161,0.00149,0.001265,0.00112,0.001,0.00091,0.000765,0.00069,0.000695,0.000665,0.00068,0.000665,0.00067
15,0.006725,0.007155,0.007735,0.00733,0.007695,0.007685,0.00902,0.008935,0.00949,0.01007,0.01057,0.009905,0.009815,0.008245,0.01147,0.012765,0.013375,0.013525,0.014245,0.013445,0.013685,0.01466,0.014835,0.014915,0.015095,0.013865,0.01456,0.0143,0.01391,0.012075,0.012305,0.01235,0.012465,0.012475,0.01242,0.013055,0.01371,0.01502,0.0154,0.01625,0.01657,0.01603,0.01595,0.015005,0.01479,0.013965,0.013985,0.014355,0.01388,0.01382,0.01392,0.013385,0.01365,0.01401,0.014645,0.01553,0.016725,0.017085,0.01772,0.01732,0.017485,0.017185,0.01656,0.01504,0.01368,0.012775,0.01189,0.011095,0.01012,0.00935,0.008975,0.008755,0.0085,0.00856,0.00866,0.00812,0.007525,0.006545,0.005765,0.00537,0.00464,0.003955,0.003675,0.003195,0.002755,0.002445,0.0023,0.00225,0.0021,0.00208,0.00209
16,0.01876,0.019925,0.020475,0.02094,0.021935,0.02224,0.023675,0.02363,0.02493,0.026565,0.027545,0.025,0.02434,0.022915,0.031055,0.034815,0.036455,0.037075,0.03867,0.038145,0.03883,0.04065,0.04044,0.043515,0.043735,0.04089,0.03915,0.03942,0.03929,0.03688,0.03346,0.033725,0.03315,0.03291,0.032965,0.03278,0.033665,0.037045,0.03666,0.03813,0.03764,0.036295,0.035305,0.03398,0.032985,0.03096,0.030855,0.03109,0.03037,0.03069,0.03032,0.029995,0.029635,0.029575,0.03043,0.031825,0.03469,0.03606,0.037065,0.036685,0.036365,0.03643,0.03453,0.032305,0.029915,0.028445,0.02642,0.02504,0.022845,0.021495,0.020505,0.02043,0.01951,0.019905,0.01995,0.019325,0.01779,0.01591,0.01404,0.012865,0.01105,0.009885,0.00898,0.00792,0.006945,0.00643,0.00579,0.005455,0.00486,0.00478,0.004925
17,0.038465,0.040635,0.0411,0.040015,0.04452,0.045845,0.04589,0.046155,0.048455,0.05188,0.053235,0.047125,0.045145,0.045185,0.065565,0.06979,0.071665,0.071675,0.07689,0.07575,0.078105,0.079445,0.08017,0.08383,0.087535,0.084175,0.080125,0.076655,0.076565,0.073545,0.07201,0.06562,0.063695,0.062445,0.061625,0.060775,0.061145,0.064815,0.063315,0.06366,0.06221,0.059915,0.057,0.053385,0.053695,0.051145,0.051365,0.051635,0.05023,0.050375,0.049715,0.04911,0.05003,0.048525,0.04896,0.05101,0.05504,0.05801,0.060285,0.058875,0.058955,0.058485,0.05671,0.053215,0.0514,0.0487,0.045915,0.04433,0.04086,0.03844,0.037055,0.036465,0.03593,0.03668,0.03634,0.035495,0.03294,0.0293,0.026005,0.023675,0.020895,0.018805,0.017155,0.015375,0.013725,0.012635,0.011925,0.01078,0.009825,0.00974,0.009555
18,0.065875,0.069585,0.06954,0.069085,0.070875,0.076095,0.070315,0.07129,0.07487,0.081005,0.082295,0.072055,0.06801,0.08267,0.109845,0.115465,0.11537,0.11497,0.124065,0.124385,0.129045,0.130485,0.129765,0.138315,0.14146,0.139625,0.13677,0.130885,0.12569,0.12261,0.117785,0.113825,0.10305,0.10099,0.09659,0.095095,0.09531,0.09817,0.092165,0.08808,0.083825,0.080955,0.07782,0.07323,0.073065,0.072465,0.072435,0.073465,0.071345,0.07175,0.070135,0.06984,0.07138,0.0718,0.070085,0.07207,0.076995,0.0824,0.085655,0.084465,0.082635,0.08178,0.07925,0.075985,0.07282,0.071825,0.068625,0.067335,0.06374,0.06002,0.058145,0.057325,0.056695,0.05913,0.05918,0.056605,0.053155,0.04769,0.043155,0.040305,0.036395,0.0336,0.03078,0.02847,0.026115,0.023925,0.02263,0.02064,0.0191,0.01852,0.017965
19,0.087195,0.09156,0.09188,0.0907,0.09391,0.094845,0.093135,0.09515,0.10083,0.11123,0.11198,0.09915,0.092305,0.119925,0.15663,0.15353,0.158065,0.15471,0.16988,0.17061,0.178435,0.185745,0.186875,0.19654,0.20299,0.201495,0.201935,0.19919,0.192285,0.18177,0.176805,0.16682,0.153695,0.14261,0.136115,0.1312,0.129155,0.129375,0.11897,0.10603,0.098865,0.096025,0.092155,0.088095,0.088295,0.086695,0.089795,0.09035,0.088,0.086635,0.084485,0.083925,0.086435,0.08623,0.086115,0.08729,0.092105,0.09723,0.1004,0.10056,0.099195,0.09793,0.095555,0.09329,0.090775,0.090515,0.089805,0.088935,0.08674,0.08379,0.08124,0.08011,0.07974,0.083255,0.083955,0.080235,0.07532,0.069205,0.06441,0.0619,0.057365,0.053635,0.05054,0.04637,0.04412,0.04097,0.03938,0.035985,0.03389,0.032675,0.03137
20,0.101365,0.10749,0.107865,0.106805,0.109535,0.113955,0.111315,0.11506,0.12375,0.13957,0.139355,0.12639,0.116405,0.1505,0.18775,0.183145,0.18022,0.18144,0.19514,0.200695,0.207965,0.21681,0.22246,0.2327,0.237355,0.237195,0.24181,0.23571,0.23042,0.218625,0.20688,0.19617,0.175535,0.167745,0.154525,0.14884,0.14608,0.146,0.131815,0.11567,0.106615,0.10491,0.101075,0.097745,0.09939,0.09673,0.09925,0.10305,0.09968,0.09883,0.09506,0.09466,0.096685,0.096515,0.096085,0.09879,0.10165,0.105545,0.108265,0.108545,0.107545,0.10557,0.1029,0.10152,0.099925,0.10113,0.099095,0.10019,0.096415,0.09443,0.093945,0.09244,0.09182,0.09554,0.09575,0.09294,0.08731,0.079755,0.07509,0.072835,0.069525,0.066865,0.06351,0.059235,0.056135,0.05383,0.051815,0.048035,0.045375,0.04382,0.04159
21,0.106395,0.112965,0.114215,0.115755,0.11773,0.120865,0.11949,0.12413,0.13443,0.154,0.15315,0.141825,0.129535,0.172915,0.202535,0.195285,0.19632,0.190095,0.21031,0.214405,0.22161,0.234275,0.24153,0.253985,0.259595,0.25525,0.25921,0.25776,0.25424,0.244435,0.231985,0.218265,0.195855,0.183315,0.174375,0.16505,0.164065,0.16245,0.14733,0.12561,0.11613,0.11417,0.109975,0.10671,0.10971,0.107105,0.10897,0.111835,0.11037,0.10864,0.104615,0.10288,0.1052,0.103965,0.104505,0.106045,0.110765,0.112635,0.11371,0.113095,0.11159,0.10929,0.107125,0.10655,0.105535,0.106335,0.106075,0.105455,0.10235,0.09902,0.09891,0.098285,0.097905,0.100805,0.101025,0.096765,0.092005,0.084255,0.080095,0.077895,0.075165,0.0736,0.070985,0.067125,0.064305,0.0611,0.05986,0.056145,0.053795,0.052175,0.049965
22,0.11349,0.11807,0.11915,0.1192,0.12375,0.126845,0.12156,0.126725,0.137775,0.15936,0.1585,0.149065,0.13592,0.181815,0.21111,0.19791,0.20066,0.200315,0.212635,0.22457,0.22713,0.24136,0.248615,0.261235,0.26932,0.266045,0.261805,0.26687,0.26146,0.25299,0.24105,0.228595,0.204025,0.192515,0.180505,0.17459,0.17259,0.172255,0.15596,0.133045,0.12228,0.12075,0.11571,0.11294,0.11557,0.112825,0.11542,0.11703,0.11442,0.115345,0.11023,0.10938,0.11043,0.109705,0.110295,0.112685,0.11654,0.11998,0.117855,0.115875,0.11396,0.112135,0.11054,0.111185,0.110465,0.11208,0.11123,0.11182,0.1076,0.10524,0.103525,0.10406,0.104995,0.108145,0.10644,0.10373,0.097925,0.091495,0.08653,0.08387,0.08168,0.08086,0.0786,0.07541,0.072315,0.06915,0.0676,0.064275,0.062465,0.06113,0.05844
23,0.11785,0.12034,0.12022,0.12143,0.126745,0.1311,0.12262,0.128085,0.139145,0.161145,0.16113,0.152185,0.1397,0.18849,0.214825,0.203675,0.201955,0.201385,0.214505,0.218575,0.231815,0.238455,0.24633,0.257625,0.266085,0.265855,0.265345,0.26457,0.26342,0.25336,0.24372,0.23062,0.20796,0.1953,0.18793,0.176775,0.178575,0.177265,0.16381,0.13953,0.12818,0.125835,0.120975,0.117635,0.120895,0.116935,0.12039,0.121495,0.118205,0.117615,0.115115,0.112935,0.11466,0.11295,0.11411,0.115985,0.11888,0.12229,0.11985,0.115485,0.11219,0.1108,0.10944,0.11007,0.110445,0.111745,0.111655,0.113385,0.11111,0.107275,0.106305,0.1047,0.10628,0.110575,0.110485,0.106075,0.10022,0.09404,0.09082,0.0878,0.0855,0.084655,0.08312,0.08076,0.07832,0.07518,0.073485,0.070425,0.069475,0.06833,0.06623
24,0.114765,0.12208,0.11778,0.11824,0.122225,0.12787,0.12732,0.133035,0.14361,0.16492,0.166695,0.15591,0.145425,0.18543,0.20257,0.195715,0.198735,0.19416,0.20784,0.21411,0.21546,0.231725,0.234545,0.245505,0.252455,0.252965,0.25515,0.25422,0.24965,0.24089,0.229715,0.21939,0.19622,0.185005,0.17739,0.17279,0.17041,0.17244,0.15687,0.137405,0.12688,0.124285,0.119505,0.117735,0.12082,0.117305,0.120605,0.12128,0.11945,0.1181,0.11405,0.11457,0.114605,0.113125,0.11299,0.115945,0.119095,0.12097,0.117755,0.116065,0.110985,0.108465,0.10704,0.107735,0.10892,0.11099,0.11145,0.11369,0.112245,0.111045,0.109235,0.10868,0.10777,0.11223,0.113035,0.10943,0.10315,0.098145,0.09477,0.09366,0.09063,0.08939,0.087935,0.085375,0.083285,0.080635,0.07959,0.076755,0.075845,0.075365,0.072785
25,0.113875,0.115355,0.116555,0.114965,0.11728,0.12243,0.126045,0.131515,0.140855,0.159925,0.163565,0.151095,0.143535,0.178475,0.194645,0.1796,0.186055,0.19101,0.200085,0.206465,0.21157,0.21483,0.225065,0.23227,0.239725,0.23769,0.238265,0.240085,0.235505,0.225495,0.218165,0.20819,0.18902,0.17543,0.16926,0.167565,0.16824,0.16797,0.15663,0.136325,0.12759,0.12579,0.121035,0.118565,0.12237,0.118185,0.12059,0.121755,0.11967,0.11878,0.11514,0.1144,0.117705,0.115045,0.11568,0.118435,0.122185,0.124485,0.120665,0.11746,0.113895,0.10964,0.107125,0.10747,0.107915,0.10969,0.11129,0.11385,0.11322,0.113295,0.11399,0.11083,0.11092,0.112985,0.11416,0.11148,0.106115,0.101555,0.100005,0.09827,0.096675,0.095455,0.09332,0.090655,0.088235,0.08623,0.085305,0.0826,0.08268,0.08212,0.08054
26,0.10872,0.113985,0.109355,0.111465,0.11232,0.116385,0.115595,0.120375,0.128105,0.144175,0.14885,0.13681,0.13182,0.1699,0.18806,0.17241,0.17058,0.17433,0.187685,0.192975,0.195005,0.19928,0.1992,0.21123,0.214385,0.21435,0.21586,0.21713,0.21741,0.209845,0.20096,0.194075,0.17468,0.162425,0.156635,0.155045,0.159945,0.160245,0.14725,0.131915,0.123675,0.1232,0.11781,0.116795,0.12076,0.117575,0.119645,0.119835,0.118615,0.117855,0.11489,0.11414,0.11565,0.115555,0.11622,0.118645,0.12223,0.1254,0.121045,0.118085,0.115725,0.11284,0.109045,0.10953,0.109435,0.111815,0.112735,0.115245,0.11405,0.11465,0.11657,0.116125,0.1145,0.11668,0.116215,0.11415,0.11114,0.10644,0.103665,0.10284,0.101235,0.10163,0.09948,0.09677,0.0928,0.090535,0.089875,0.087345,0.08821,0.088415,0.08632
27,0.10118,0.104865,0.105065,0.101905,0.106975,0.108855,0.10695,0.11127,0.117735,0.131455,0.137115,0.126225,0.12331,0.14885,0.171905,0.162125,0.16074,0.157885,0.168055,0.17692,0.178075,0.18391,0.184015,0.182755,0.19573,0.193135,0.19357,0.194505,0.195405,0.191145,0.18426,0.177895,0.161395,0.145465,0.13956,0.13887,0.14221,0.14481,0.13486,0.118185,0.11362,0.112475,0.11007,0.10912,0.112105,0.110365,0.11344,0.1134,0.112605,0.112525,0.110295,0.110165,0.11251,0.111295,0.11411,0.116215,0.119235,0.12253,0.119475,0.117685,0.11394,0.11216,0.10955,0.10863,0.108335,0.110075,0.111155,0.114535,0.11422,0.1148,0.11664,0.11782,0.117825,0.11817,0.117765,0.11409,0.111815,0.1088,0.108055,0.107305,0.106305,0.106895,0.105695,0.102525,0.09837,0.09503,0.09357,0.0911,0.0936,0.094075,0.092185
28,0.102825,0.10554,0.1041,0.103655,0.102825,0.109415,0.10103,0.10517,0.11074,0.12289,0.129555,0.12055,0.11926,0.148945,0.155135,0.152535,0.15507,0.156205,0.16334,0.170175,0.172235,0.1745,0.176975,0.180465,0.178435,0.180345,0.17942,0.179225,0.17752,0.17209,0.16864,0.16283,0.146525,0.133865,0.12509,0.12393,0.127355,0.130295,0.121295,0.10753,0.10185,0.103745,0.101225,0.102845,0.10691,0.105705,0.109305,0.11114,0.110835,0.11079,0.10891,0.10983,0.11238,0.111845,0.11427,0.118075,0.1202,0.123045,0.12057,0.11999,0.116785,0.114025,0.11267,0.11196,0.11013,0.11142,0.11166,0.11396,0.1138,0.115225,0.117635,0.11849,0.119605,0.12182,0.12006,0.11754,0.113375,0.11118,0.11119,0.110825,0.109465,0.111555,0.110885,0.108825,0.10367,0.10034,0.09836,0.095055,0.09762,0.098295,0.096645
29,0.09093,0.09482,0.09275,0.09199,0.09519,0.095955,0.097795,0.101965,0.10694,0.118165,0.125915,0.119505,0.11953,0.13456,0.145995,0.13046,0.138505,0.140695,0.1459,0.151515,0.155285,0.16044,0.158635,0.161045,0.165055,0.159795,0.16451,0.16195,0.16072,0.153275,0.149925,0.147995,0.13221,0.119415,0.11358,0.10844,0.111095,0.11344,0.106165,0.09349,0.08729,0.085715,0.08642,0.087185,0.09142,0.08984,0.09284,0.094295,0.095185,0.095295,0.09353,0.09519,0.097205,0.09696,0.09873,0.101495,0.10564,0.10825,0.10615,0.10631,0.106395,0.10566,0.10514,0.105755,0.10625,0.108185,0.109755,0.113225,0.112435,0.113745,0.1179,0.11868,0.119665,0.12193,0.123855,0.118725,0.11571,0.112045,0.112145,0.11203,0.112265,0.11375,0.11337,0.112525,0.108465,0.104675,0.1026,0.098455,0.100805,0.100655,0.099475
30,0.09007,0.093285,0.092105,0.090235,0.091005,0.094885,0.090195,0.09431,0.09841,0.1081,0.116335,0.11262,0.114015,0.129115,0.134955,0.12757,0.123355,0.12887,0.13306,0.13858,0.138955,0.145615,0.14612,0.14686,0.1487,0.147575,0.146105,0.148275,0.14459,0.1362,0.13189,0.129275,0.118235,0.1058,0.09643,0.092615,0.0931,0.094255,0.087455,0.078295,0.07335,0.07218,0.07117,0.074995,0.077645,0.078315,0.081555,0.083305,0.08447,0.085805,0.086405,0.08759,0.089805,0.09002,0.09208,0.094925,0.09727,0.101215,0.099415,0.09921,0.09929,0.099855,0.099115,0.0992,0.099525,0.101695,0.102455,0.10773,0.10789,0.109095,0.11158,0.113335,0.112955,0.11538,0.11728,0.114815,0.110385,0.108765,0.10884,0.11107,0.110875,0.113565,0.113255,0.11314,0.1095,0.10757,0.104525,0.100365,0.102645,0.101635,0.100225
31,0.0694,0.07238,0.07184,0.071255,0.07346,0.075785,0.07945,0.08323,0.086395,0.09423,0.10229,0.100415,0.102825,0.112165,0.11538,0.10679,0.109045,0.10619,0.117305,0.120555,0.119215,0.122205,0.124025,0.125975,0.12621,0.124245,0.12436,0.122485,0.12849,0.12167,0.116655,0.111485,0.103315,0.09452,0.08774,0.08217,0.082905,0.08298,0.077555,0.068005,0.063685,0.061725,0.060945,0.06209,0.066965,0.0672,0.0699,0.071755,0.073515,0.075095,0.075895,0.077795,0.07941,0.08073,0.08282,0.08538,0.089105,0.092685,0.091995,0.091605,0.091725,0.09282,0.09396,0.09445,0.09464,0.097075,0.09912,0.10152,0.101875,0.102705,0.106895,0.10668,0.108675,0.110625,0.112265,0.111285,0.109005,0.105015,0.10487,0.105785,0.107835,0.111325,0.111035,0.110995,0.10856,0.107575,0.105365,0.101045,0.103325,0.102195,0.10004
32,0.078135,0.07541,0.073875,0.07279,0.073425,0.07545,0.07186,0.07494,0.077425,0.08393,0.09181,0.09136,0.09438,0.106685,0.109895,0.100525,0.0995,0.10302,0.104715,0.115205,0.11518,0.11625,0.11564,0.118895,0.12006,0.11576,0.114955,0.11366,0.111155,0.11188,0.108675,0.10468,0.09487,0.084315,0.078305,0.073945,0.07258,0.072075,0.065395,0.058315,0.053795,0.05231,0.051035,0.05164,0.05398,0.05591,0.05785,0.059735,0.061005,0.063575,0.06415,0.066605,0.069125,0.06996,0.072325,0.07523,0.07748,0.08087,0.07941,0.080265,0.080325,0.080895,0.082395,0.08423,0.084635,0.08644,0.08838,0.092535,0.0925,0.093755,0.09765,0.097935,0.097455,0.100295,0.100825,0.099775,0.09874,0.098055,0.097205,0.098115,0.099155,0.10374,0.10412,0.1051,0.10259,0.101905,0.10102,0.09806,0.09995,0.09915,0.096305
33,0.076125,0.06993,0.063415,0.063645,0.0636,0.064825,0.066475,0.068615,0.07059,0.076085,0.083755,0.08442,0.08775,0.0938,0.09649,0.088745,0.087095,0.08694,0.092015,0.09399,0.09977,0.101765,0.100185,0.10041,0.104035,0.10101,0.09881,0.09819,0.09927,0.092875,0.094415,0.09158,0.082815,0.07452,0.06908,0.063435,0.06216,0.060375,0.056055,0.048965,0.045205,0.043245,0.042015,0.04244,0.044565,0.04463,0.04778,0.04851,0.05022,0.05212,0.053415,0.055785,0.05829,0.059305,0.061545,0.06432,0.06647,0.06924,0.06848,0.069115,0.07039,0.070805,0.071615,0.073415,0.0752,0.077215,0.07822,0.082145,0.083255,0.08348,0.087135,0.08797,0.08832,0.08948,0.09113,0.089725,0.088745,0.088605,0.08974,0.088845,0.08987,0.093065,0.09515,0.09681,0.094895,0.094545,0.093775,0.09096,0.094225,0.09351,0.09159
34,0.060125,0.072465,0.06336,0.05784,0.058385,0.05984,0.062245,0.06333,0.06488,0.06954,0.0769,0.07842,0.081815,0.083745,0.08583,0.080575,0.078955,0.07875,0.080075,0.08477,0.083795,0.090645,0.089745,0.08881,0.08979,0.089265,0.088115,0.086395,0.08554,0.08321,0.079095,0.080975,0.07277,0.06493,0.05963,0.056315,0.053985,0.051235,0.046305,0.040785,0.03672,0.03514,0.034425,0.034145,0.03458,0.035045,0.037095,0.03912,0.03955,0.04172,0.042445,0.04458,0.046755,0.048135,0.050205,0.052735,0.05517,0.05743,0.05684,0.05817,0.058395,0.059615,0.06055,0.062,0.06354,0.066195,0.067695,0.071035,0.07269,0.07493,0.077255,0.078895,0.078645,0.079455,0.08069,0.080355,0.07911,0.078495,0.07958,0.08087,0.080715,0.083665,0.084595,0.08668,0.086035,0.085935,0.0852,0.082985,0.08665,0.08689,0.084625
35,0.060095,0.056755,0.06492,0.05589,0.052045,0.053055,0.05582,0.05574,0.05692,0.06076,0.06746,0.069595,0.073055,0.074735,0.074165,0.069225,0.069235,0.069375,0.071335,0.07233,0.075495,0.075315,0.079705,0.07947,0.079085,0.0767,0.07765,0.07726,0.075505,0.071545,0.070535,0.06747,0.06443,0.057685,0.051975,0.048355,0.046905,0.044875,0.040435,0.03409,0.030885,0.028595,0.028835,0.027795,0.02855,0.02813,0.02965,0.03073,0.03223,0.033235,0.03411,0.03539,0.03809,0.039535,0.04156,0.04352,0.04583,0.04784,0.047995,0.048215,0.04855,0.04962,0.050705,0.051845,0.05257,0.054835,0.056545,0.05964,0.06153,0.063635,0.06638,0.06772,0.06806,0.06919,0.06952,0.06865,0.068455,0.06812,0.0691,0.07006,0.071525,0.073205,0.07401,0.075455,0.075075,0.075985,0.07564,0.073955,0.076835,0.07741,0.07682
36,0.05416,0.05401,0.04921,0.05632,0.04951,0.04671,0.048155,0.047395,0.048185,0.05114,0.05693,0.059365,0.06265,0.06584,0.06563,0.059395,0.05866,0.059085,0.061485,0.062735,0.06319,0.066915,0.06424,0.06841,0.068345,0.065255,0.06478,0.065365,0.06541,0.06158,0.05913,0.05824,0.05293,0.04956,0.04474,0.04117,0.038285,0.03707,0.03415,0.029695,0.02578,0.023905,0.0224,0.022885,0.02279,0.02274,0.023085,0.02416,0.024505,0.02628,0.026385,0.028045,0.029535,0.030965,0.033075,0.034985,0.037145,0.0392,0.039435,0.03982,0.040465,0.041015,0.0416,0.04319,0.04393,0.045175,0.04686,0.049295,0.0499,0.05162,0.055125,0.056335,0.05669,0.057765,0.057665,0.057455,0.056695,0.05654,0.057355,0.05822,0.059305,0.061865,0.06209,0.062965,0.06274,0.063825,0.063945,0.06216,0.065065,0.0658,0.06523
37,0.047475,0.0467,0.044295,0.04004,0.047175,0.04273,0.041375,0.04066,0.041085,0.043185,0.04805,0.050425,0.05311,0.052915,0.056065,0.051385,0.04929,0.04923,0.05113,0.054045,0.053855,0.05453,0.056025,0.054285,0.05793,0.055665,0.054135,0.053395,0.054525,0.0522,0.049995,0.04939,0.04538,0.04054,0.03899,0.03513,0.03199,0.030605,0.027585,0.02455,0.0217,0.019725,0.01847,0.017895,0.018,0.017345,0.018025,0.0179,0.01824,0.019105,0.02001,0.02036,0.021765,0.02291,0.02462,0.02646,0.0284,0.02975,0.03035,0.0309,0.031255,0.031835,0.03268,0.03373,0.03475,0.03582,0.03671,0.038885,0.039685,0.040635,0.043105,0.04476,0.045405,0.04603,0.046815,0.045955,0.045595,0.045045,0.04632,0.04702,0.047905,0.04948,0.050775,0.050725,0.050605,0.050945,0.051745,0.05061,0.052565,0.05411,0.05319
38,0.04755,0.047695,0.04481,0.04158,0.038025,0.04408,0.035075,0.034735,0.034835,0.036155,0.040085,0.042155,0.044115,0.048325,0.04733,0.046385,0.04477,0.04309,0.043875,0.046045,0.046945,0.047925,0.047645,0.0507,0.04824,0.050205,0.048835,0.04724,0.046015,0.04435,0.04358,0.041585,0.038805,0.03533,0.031675,0.03022,0.027225,0.025815,0.02309,0.019945,0.01766,0.015935,0.01526,0.014755,0.014465,0.01421,0.01423,0.01421,0.013985,0.014865,0.015095,0.016205,0.016835,0.01779,0.018935,0.020605,0.021965,0.02327,0.02407,0.02434,0.02478,0.025465,0.025945,0.02634,0.026985,0.028255,0.028475,0.03018,0.030895,0.03159,0.0331,0.03417,0.03507,0.036075,0.036245,0.036415,0.035745,0.035975,0.03592,0.037045,0.037495,0.038915,0.03983,0.04059,0.03996,0.04009,0.040405,0.039525,0.04146,0.042865,0.042475
39,0.037245,0.03753,0.035725,0.03323,0.03194,0.029765,0.029055,0.029115,0.028955,0.029615,0.03262,0.034255,0.03556,0.03687,0.03789,0.0347,0.0356,0.03459,0.034715,0.036615,0.036555,0.038265,0.038525,0.036215,0.039105,0.0366,0.03961,0.03812,0.037295,0.03451,0.033905,0.03398,0.03091,0.02766,0.02549,0.022805,0.02213,0.020445,0.01781,0.015475,0.013595,0.01229,0.01142,0.010625,0.01045,0.00993,0.010465,0.010175,0.009915,0.009975,0.010195,0.01067,0.01132,0.01152,0.01225,0.01329,0.014375,0.015475,0.01615,0.016735,0.01706,0.017875,0.01825,0.019035,0.019715,0.020545,0.021295,0.02237,0.02313,0.02386,0.02518,0.025685,0.026135,0.02712,0.028045,0.02785,0.02761,0.02755,0.027845,0.02846,0.029015,0.03006,0.030575,0.031085,0.0316,0.031445,0.031525,0.03056,0.032015,0.03327,0.033035
40,0.030775,0.03025,0.029365,0.02769,0.026095,0.02578,0.02363,0.023965,0.02349,0.023795,0.026245,0.02747,0.028135,0.027905,0.028465,0.027095,0.026355,0.02698,0.027555,0.02741,0.028095,0.02886,0.02908,0.029415,0.02916,0.028675,0.027615,0.02876,0.028805,0.027065,0.025575,0.02565,0.02415,0.021695,0.01938,0.01786,0.016135,0.015515,0.01343,0.01158,0.01007,0.009175,0.008725,0.007875,0.00777,0.007215,0.00722,0.007265,0.00715,0.007285,0.007155,0.007375,0.007755,0.008395,0.00849,0.009285,0.010065,0.010945,0.011335,0.01183,0.01217,0.012605,0.012905,0.013465,0.013825,0.01435,0.014585,0.015985,0.01632,0.016855,0.0179,0.01835,0.018495,0.019465,0.019915,0.020385,0.02015,0.01996,0.02008,0.02056,0.021005,0.021745,0.02222,0.02283,0.02259,0.022965,0.02303,0.022355,0.02303,0.023945,0.024165
41,0.01966,0.019635,0.01859,0.0177,0.017405,0.016755,0.018185,0.01848,0.01794,0.017955,0.01963,0.020465,0.02093,0.01867,0.01881,0.018015,0.01773,0.01694,0.018525,0.0185,0.01877,0.019615,0.019485,0.01963,0.01975,0.01895,0.01945,0.019015,0.020105,0.018965,0.01798,0.01719,0.01628,0.015125,0.013735,0.012465,0.011415,0.010435,0.009435,0.00814,0.00726,0.006385,0.005935,0.005605,0.00555,0.00509,0.00509,0.004955,0.00507,0.00504,0.004945,0.004805,0.0051,0.005245,0.005775,0.005935,0.006655,0.007135,0.007555,0.00801,0.008115,0.008505,0.008855,0.00921,0.00947,0.009855,0.00999,0.01067,0.010865,0.011195,0.01188,0.01217,0.01255,0.01283,0.013165,0.01366,0.01376,0.013605,0.013795,0.013915,0.014455,0.014605,0.01517,0.015355,0.0158,0.01601,0.01584,0.01543,0.01584,0.01651,0.01664
42,0.01876,0.01874,0.01764,0.0164,0.015625,0.01546,0.01286,0.012865,0.01246,0.01222,0.01294,0.013375,0.013905,0.015065,0.015355,0.01452,0.01401,0.014075,0.013695,0.014875,0.014615,0.014935,0.01479,0.014965,0.01518,0.014225,0.014275,0.014255,0.01373,0.0143,0.013895,0.012935,0.011755,0.01088,0.01003,0.008975,0.00816,0.007585,0.00655,0.005925,0.00514,0.004475,0.004095,0.003945,0.00386,0.00362,0.003455,0.003465,0.00323,0.00347,0.00336,0.00328,0.003365,0.003405,0.003425,0.00391,0.004045,0.00425,0.004575,0.0048,0.00498,0.005295,0.005395,0.005645,0.00587,0.006195,0.00624,0.006535,0.006795,0.007035,0.00738,0.007735,0.007905,0.008115,0.008345,0.00858,0.008665,0.008855,0.00874,0.00893,0.009085,0.00956,0.00971,0.009915,0.010075,0.010235,0.01044,0.010155,0.01031,0.010905,0.010805
43,0.01282,0.01234,0.01164,0.010845,0.01011,0.01018,0.008505,0.00828,0.00802,0.00769,0.00781,0.00798,0.008515,0.00954,0.009545,0.00897,0.00883,0.00854,0.008685,0.00862,0.009405,0.009225,0.00911,0.00933,0.009345,0.008955,0.00889,0.008955,0.00896,0.008195,0.00847,0.008315,0.0076,0.006935,0.00643,0.005915,0.005295,0.004805,0.00408,0.00353,0.00323,0.00281,0.00268,0.00246,0.002395,0.002155,0.002165,0.002025,0.002,0.001905,0.00193,0.00201,0.001985,0.001925,0.002035,0.00214,0.002415,0.00247,0.00259,0.002675,0.002905,0.002975,0.003185,0.00328,0.00347,0.003685,0.003625,0.00388,0.003995,0.00413,0.00433,0.004455,0.004715,0.00482,0.004915,0.005135,0.00508,0.005325,0.005325,0.00541,0.00551,0.005575,0.00587,0.006005,0.006125,0.00616,0.00618,0.006205,0.00637,0.00651,0.00665
44,0.00807,0.007885,0.0072,0.00679,0.006335,0.00614,0.005325,0.005025,0.004865,0.004575,0.00445,0.00448,0.004935,0.00542,0.00552,0.00511,0.00514,0.004835,0.00505,0.00505,0.00492,0.005185,0.0051,0.00527,0.00519,0.00505,0.0052,0.00485,0.00496,0.004655,0.00433,0.004615,0.00426,0.00394,0.003565,0.00317,0.00308,0.00251,0.002225,0.00203,0.00167,0.001505,0.00158,0.00136,0.001265,0.00112,0.001245,0.00116,0.001055,0.00106,0.00101,0.001105,0.00109,0.001045,0.00109,0.0011,0.001225,0.001305,0.001305,0.001385,0.001495,0.001635,0.00166,0.001765,0.001845,0.001955,0.00204,0.002145,0.00215,0.00227,0.002365,0.00251,0.002565,0.0027,0.00276,0.00283,0.00292,0.00287,0.00292,0.003125,0.00307,0.003255,0.00329,0.00338,0.003425,0.0035,0.003565,0.003515,0.003495,0.003865,0.003835
45,0.00525,0.0049,0.004625,0.004185,0.003905,0.00381,0.00326,0.00305,0.00299,0.00275,0.002685,0.002675,0.00303,0.003145,0.00301,0.002905,0.002855,0.0027,0.002625,0.0027,0.002585,0.002535,0.002745,0.002665,0.00267,0.00256,0.002585,0.002555,0.002575,0.00244,0.00234,0.002175,0.00227,0.00211,0.00194,0.00167,0.001495,0.00144,0.001185,0.00102,0.000915,0.00074,0.00077,0.00067,0.000665,0.00062,0.0006,0.00059,0.00058,0.00059,0.00051,0.000485,0.000535,0.00057,0.00057,0.000505,0.000595,0.000605,0.000655,0.00065,0.000705,0.000745,0.0008,0.000845,0.000925,0.00094,0.00104,0.00105,0.001135,0.00122,0.00125,0.00129,0.001335,0.001415,0.00148,0.00151,0.00155,0.001555,0.00158,0.001645,0.001805,0.00176,0.00181,0.0018,0.001905,0.001965,0.001935,0.001915,0.001985,0.002135,0.002185
46,0.002445,0.002415,0.002215,0.00219,0.00205,0.001865,0.00196,0.001795,0.00172,0.0016,0.001565,0.001525,0.001765,0.001715,0.001585,0.001375,0.00138,0.001255,0.001335,0.00133,0.001265,0.001295,0.001135,0.00127,0.00124,0.001115,0.001165,0.00112,0.001135,0.00114,0.001125,0.00106,0.000945,0.00092,0.00083,0.00076,0.00065,0.000595,0.000565,0.000495,0.00042,0.00041,0.000345,0.00035,0.000315,0.0003,0.000255,0.000265,0.00025,0.000265,0.000295,0.00025,0.00024,0.00024,0.000265,0.00029,0.00026,0.00029,0.000295,0.000275,0.00033,0.000335,0.000365,0.00044,0.00041,0.000455,0.000515,0.000535,0.000565,0.000585,0.00064,0.00064,0.000675,0.000685,0.00075,0.000785,0.000835,0.000805,0.00081,0.000885,0.00091,0.00095,0.001,0.000955,0.00103,0.00105,0.001095,0.001075,0.001085,0.001175,0.001135
47,0.001265,0.00122,0.001225,0.001035,0.001065,0.000975,0.00109,0.00095,0.000855,0.00084,0.000785,0.000745,0.00087,0.0006,0.000835,0.000675,0.000655,0.00056,0.000555,0.000555,0.00059,0.000565,0.00053,0.00047,0.000555,0.000565,0.00052,0.00049,0.00044,0.0005,0.000455,0.000455,0.000395,0.000375,0.000375,0.00034,0.00031,0.000285,0.000255,0.00021,0.00017,0.000175,0.00016,0.00013,0.000115,0.000115,0.000125,0.000125,0.000125,0.000135,0.00009,0.000105,0.0001,0.000115,0.000125,0.00011,0.000135,0.000115,0.0001,0.000125,0.000145,0.000145,0.00017,0.000175,0.00021,0.00025,0.00026,0.00026,0.000285,0.00029,0.000315,0.000335,0.00036,0.00037,0.0004,0.00041,0.00045,0.00042,0.000415,0.000455,0.000455,0.000515,0.000535,0.000545,0.00059,0.000615,0.000605,0.00056,0.0006,0.000705,0.000675
48,0.000805,0.00087,0.000705,0.00067,0.00056,0.00062,0.000575,0.000475,0.00039,0.00042,0.000365,0.000335,0.000395,0.00035,0.000295,0.00042,0.00035,0.000285,0.000285,0.000295,0.000245,0.000255,0.00024,0.000215,0.000205,0.000235,0.00024,0.000195,0.000245,0.00017,0.00016,0.0002,0.00016,0.000175,0.00014,0.000175,0.000165,0.0001,0.000095,0.00009,0.000075,0.00007,0.000065,0.000055,0.000055,0.000045,0.00006,0.00006,0.000055,0.00006,0.00006,0.00006,0.000055,0.000045,0.000045,0.000075,0.000085,0.000065,0.000065,0.00008,0.00008,0.000085,0.00009,0.000085,0.000095,0.000105,0.000125,0.00013,0.00015,0.000165,0.000165,0.00017,0.00018,0.0002,0.000225,0.00025,0.00022,0.00025,0.00026,0.00024,0.00026,0.000275,0.000305,0.000335,0.00029,0.00035,0.000375,0.000365,0.000345,0.00041,0.00043
49,0.00037,0.000375,0.00038,0.00034,0.00029,0.00027,0.00029,0.000225,0.00017,0.0002,0.00016,0.00014,0.00017,0.0002,0.00015,0.000145,0.000215,0.00018,0.000135,0.00019,0.00011,0.000135,0.00012,0.000115,0.000115,0.00009,0.00011,0.000095,0.00009,0.000075,0.000085,0.000075,0.00007,0.000035,0.00005,0.00006,0.00006,0.000075,0.000035,0.00004,0.00002,0.00003,0.00002,0.00002,0.00002,0.00002,0.00002,0.00002,0.000035,0.00002,0.00002,0.000025,0.000025,0.00002,0.00003,0.000035,0.000035,0.000055,0.00004,0.000035,0.000035,0.000055,0.00004,0.00005,0.000055,0.000045,0.00007,0.00008,0.00011,0.0001,0.000095,0.00009,0.000115,0.000125,0.00012,0.000135,0.000145,0.00014,0.000155,0.000145,0.000165,0.000185,0.0002,0.00021,0.000225,0.000225,0.00026,0.000225,0.000225,0.000255,0.000295
50,0.00009,0.000115,0.000115,0.00012,0.00011,0.000115,0.000155,0.00013,0.000095,0.000115,0.000075,0.000065,0.000075,0.00006,0.00005,0.000045,0.00009,0.00008,0.000095,0.0001,0.000075,0.000085,0.000045,0.000045,0.000045,0.000045,0.000035,0.000065,0.00006,0.000045,0.000035,0,0,0,0,0,0,0,0,0,0,0,0,0,0,0,0,0,0,0,0,0,0,0,0,0,0,0,0,0,0,0,0,0,0.000035,0.00003,0.00004,0.000055,0.000055,0.000055,0.00007,0.000085,0.000095,0.000105,0.000115,0.000115,0.000125,0.000125,0.000125,0.00013,0.00015,0.00017,0.00018,0.00019,0.00021,0.00024,0.000275,0.000245,0.00025,0.000305,0.00032
51,0.000025,0.000025,0.000035,0.00003,0.000045,0.00005,0.00008,0.00007,0.000055,0.000065,0.000045,0.00004,0.000045,0.00002,0.00003,0.00003,0.000045,0.000045,0.000055,0.000055,0.000055,0.000055,0.00003,0.00003,0.000025,0.000025,0.00002,0.00004,0.00004,0.00003,0.00002,0,0,0,0,0,0,0,0,0,0,0,0,0,0,0,0,0,0,0,0,0,0,0,0,0,0,0,0,0,0,0,0,0,0.00002,0.00002,0.00002,0.000035,0.000035,0.000035,0.000045,0.000055,0.00006,0.00007,0.00007,0.000075,0.000075,0.000075,0.000075,0.00008,0.00009,0.0001,0.0001,0.00011,0.000125,0.00015,0.00016,0.00015,0.000155,0.000185,0.000185
52,0.00003,0.00002,0.000035,0.00004,0.00006,0.000065,0.000035,0.00003,0.000025,0.000025,0.00003,0.00003,0.00003,0.00003,0.00003,0.00002,0.000025,0.00002,0.00003,0.000025,0.000025,0.000025,0.000015,0.000015,0.000015,0.000015,0.00001,0.00002,0.00002,0.00002,0.00001,0,0,0,0,0,0,0,0,0,0,0,0,0,0,0,0,0,0,0,0,0,0,0,0,0,0,0,0,0,0,0,0,0,0.00001,0.00002,0.00002,0.00002,0.000015,0.00002,0.00002,0.000025,0.000025,0.000035,0.000035,0.000035,0.000035,0.000035,0.000035,0.000035,0.000035,0.000045,0.000045,0.000045,0.00005,0.00006,0.00006,0.00006,0.00006,0.00007,0.000065
53,0.00003,0.00001,0.000035,0.00003,0.000035,0.00002,0.00001,0.00001,0.00001,0.00001,0.00003,0.00002,0.00003,0.00003,0.00002,0.00002,0.00001,0.00001,0.000015,0.00001,0.00001,0.00001,0.00001,0.00001,0.00001,0.00001,0.000005,0.00001,0.00001,0.00001,0.00001,0,0,0,0,0,0,0,0,0,0,0,0,0,0,0,0,0,0,0,0,0,0,0,0,0,0,0,0,0,0,0,0,0,0.00001,0.00001,0.00001,0.000015,0.00001,0.00002,0.00002,0.00001,0.00001,0.000015,0.000015,0.000015,0.000015,0.000015,0.000015,0.000015,0.000015,0.000015,0.000015,0.000015,0.000015,0.000015,0.000015,0.000015,0.000015,0.00002,0.000015
54,0.00002,0.000015,0.00002,0.000025,0.00002,0.000015,0,0,0,0,0.000025,0.00002,0.00003,0.00002,0.00004,0.00003,0,0,0.000005,0.000005,0.000005,0.000005,0,0,0,0,0,0,0,0,0,0,0,0,0,0,0,0,0,0,0,0,0,0,0,0,0,0,0,0,0,0,0,0,0,0,0,0,0,0,0,0,0,0,0.000005,0.000005,0.000005,0.00001,0.000005,0.000005,0.000015,0,0,0.000005,0.000005,0.000005,0.000005,0,0,0,0.000005,0.000005,0.000005,0.000005,0.000005,0.000005,0.000005,0.000005,0.000005,0.000005,0.000005
